﻿<?xml version="1.0" encoding="utf-8"?>
<SettingsBlock>
	<ModSettings Class="TweaksGalore.TweaksGaloreSettings">
		<tweak_insultingSpreeNerf>True</tweak_insultingSpreeNerf>
		<tweak_boomalopesBleedChemfuel>True</tweak_boomalopesBleedChemfuel>
		<patch_prisonersDontHaveKeys>True</patch_prisonersDontHaveKeys>
		<patch_pdhk_prisoners>False</patch_pdhk_prisoners>
		<patch_lowPrisonerExpectations>True</patch_lowPrisonerExpectations>
		<tweak_pennedAnimalDict>
			<keys>
				<li>Bear_Grizzly</li>
				<li>Bear_Polar</li>
				<li>Ostrich</li>
				<li>Emu</li>
				<li>Cassowary</li>
				<li>Cougar</li>
				<li>Panther</li>
				<li>Lynx</li>
				<li>Cat</li>
				<li>YorkshireTerrier</li>
				<li>GuineaPig</li>
				<li>LabradorRetriever</li>
				<li>Husky</li>
				<li>Monkey</li>
				<li>Chicken</li>
				<li>Duck</li>
				<li>Turkey</li>
				<li>Goose</li>
				<li>Cow</li>
				<li>Boomalope</li>
				<li>Muffalo</li>
				<li>Bison</li>
				<li>Dromedary</li>
				<li>Goat</li>
				<li>Elk</li>
				<li>Yak</li>
				<li>Caribou</li>
				<li>Horse</li>
				<li>Donkey</li>
				<li>Elephant</li>
				<li>Rhinoceros</li>
				<li>Hare</li>
				<li>Snowhare</li>
				<li>Megascarab</li>
				<li>Spelopede</li>
				<li>Megaspider</li>
				<li>Thrumbo</li>
				<li>Cobra</li>
				<li>Tortoise</li>
				<li>Alphabeaver</li>
				<li>Pig</li>
				<li>WildBoar</li>
				<li>Ibex</li>
				<li>Deer</li>
				<li>Gazelle</li>
				<li>Chinchilla</li>
				<li>Sheep</li>
				<li>Alpaca</li>
				<li>Megasloth</li>
				<li>Capybara</li>
				<li>Squirrel</li>
				<li>Rat</li>
				<li>Boomrat</li>
				<li>Raccoon</li>
				<li>Iguana</li>
				<li>Warg</li>
				<li>Wolf_Timber</li>
				<li>Wolf_Arctic</li>
				<li>Fox_Fennec</li>
				<li>Fox_Red</li>
				<li>Fox_Arctic</li>
				<li>Dryad_Basic</li>
				<li>Dryad_Woodmaker</li>
				<li>Dryad_Berrymaker</li>
				<li>Dryad_Medicinemaker</li>
				<li>Dryad_Gaumaker</li>
				<li>Dryad_Carrier</li>
				<li>Dryad_Clawer</li>
				<li>Dryad_Barkskin</li>
				<li>WasteRat</li>
				<li>Toxalope</li>
				<li>AM_UnshackledDryad</li>
				<li>BotchJob_DivineOrderHorse</li>
				<li>RG_Hemolope</li>
				<li>RG_Rabbit</li>
				<li>RG_Moa</li>
				<li>RG_Neutrolope</li>
				<li>VFEV_WoolyCow</li>
				<li>VFEV_Fenrir</li>
				<li>VFEV_Lothurr</li>
				<li>VFEV_Njorun</li>
				<li>VFEV_Wolfhound</li>
				<li>AEXP_Coyote</li>
				<li>AEXP_Giraffe</li>
				<li>AEXP_Hippopotamus</li>
				<li>AEXP_Zebra</li>
				<li>AEXP_Wildebeest</li>
				<li>AEXP_Crocodile</li>
				<li>AEXP_Cheetah</li>
				<li>AEXP_Boombat</li>
				<li>AEXP_Kangaroo</li>
				<li>AEXP_Koala</li>
				<li>AEXP_Platypus</li>
				<li>AEXP_Otter</li>
				<li>AEXP_ArcticCoyote</li>
				<li>AEXP_BlackBear</li>
				<li>AEXP_CatAbyssinian</li>
				<li>AEXP_CatBengal</li>
				<li>AEXP_CatBritishShorthair</li>
				<li>AEXP_CatMaineCoon</li>
				<li>AEXP_CatMunchkin</li>
				<li>AEXP_CatNorwegianForest</li>
				<li>AEXP_CatPersian</li>
				<li>AEXP_CatSiamese</li>
				<li>AEXP_CatSomali</li>
				<li>AEXP_CatSphynx</li>
				<li>AEXP_Hyena</li>
				<li>AEXP_DesertTortoise</li>
				<li>AEXP_Lion</li>
				<li>AEXP_GilaMonster</li>
				<li>AEXP_Beagle</li>
				<li>AEXP_Chihuahua</li>
				<li>AEXP_Corgi</li>
				<li>AEXP_FrenchBulldog</li>
				<li>AEXP_GermanShepherd</li>
				<li>AEXP_GreatDane</li>
				<li>AEXP_Poodle</li>
				<li>AEXP_Pug</li>
				<li>AEXP_Rottweiler</li>
				<li>AEXP_Shih-Tzu</li>
				<li>AEXP_WelshTerrier</li>
				<li>AEXP_Camel</li>
				<li>AEXP_Rattlesnake</li>
				<li>AEXP_Megascorpion</li>
				<li>AEXP_Penguin</li>
				<li>AEXP_Seal</li>
				<li>AEXP_Walrus</li>
				<li>AEXP_RedPanda</li>
				<li>AEXP_Badger</li>
				<li>AEXP_WildGoose</li>
				<li>AEXP_Beaver</li>
				<li>AEXP_Hedgehog</li>
				<li>AEXP_Gorilla</li>
				<li>AEXP_Jaguar</li>
				<li>AEXP_Lemur</li>
				<li>AEXP_Mandrill</li>
				<li>AEXP_Tapir</li>
				<li>AEXP_Tiger</li>
				<li>AEXP_Alligator</li>
				<li>AEXP_Anaconda</li>
				<li>AEXP_IndianElephant</li>
				<li>AEXP_Muskox</li>
				<li>AEXP_Moose</li>
				<li>AEXP_MegaWolverine</li>
				<li>AEXP_Porcupine</li>
				<li>VFEI_Insectoid_Queen</li>
				<li>VFEI_Insectoid_RoyalMegaspider</li>
				<li>VFEI_Insectoid_Gigalocust</li>
				<li>VFEI_Insectoid_Megapede</li>
				<li>VFEI_Insectoid_Larvae</li>
				<li>VFEI_VatgrownBoomtick</li>
				<li>VFEI_VatGrownCuterpillar</li>
				<li>VFEI_VatGrownGigascorpion</li>
				<li>VFEI_VatGrownGigawig</li>
				<li>VFEI_VatGrownMegacricket</li>
				<li>VFEI_VatGrownMilkbeetle</li>
				<li>VFEI_VatGrownPrincess</li>
				<li>VFEI_VatgrownRoyalLarva</li>
				<li>VFEI_VatGrownRoyalMaggot</li>
				<li>VFEI_VatGrownSpiderweaver</li>
				<li>VFEI_VatGrownTitanbeetle</li>
				<li>VFEI_VatGrownGigalocust</li>
				<li>VFEI_VatGrownMegapede</li>
				<li>VFEI_VatGrownMegascarab</li>
				<li>VFEI_VatgrownMegaspider</li>
				<li>VFEI_VatGrownSpelopede</li>
				<li>VFEI_VatGrownWargling</li>
				<li>VFEI_VatGrownWorkerAnt</li>
				<li>VAERoy_AngoraRabbit</li>
				<li>VAERoy_Crane</li>
				<li>VAERoy_Megachicken</li>
				<li>VAERoy_Orangutan</li>
				<li>VAERoy_Peacock</li>
				<li>VAERoy_Pheasant</li>
				<li>VAERoy_Quail</li>
				<li>VAERoy_RoyalTiger</li>
				<li>VAERoy_Swan</li>
			</keys>
			<values>
				<li>0</li>
				<li>0</li>
				<li>3</li>
				<li>3</li>
				<li>3</li>
				<li>0</li>
				<li>0</li>
				<li>0</li>
				<li>0</li>
				<li>0</li>
				<li>0</li>
				<li>0</li>
				<li>0</li>
				<li>0</li>
				<li>7</li>
				<li>7</li>
				<li>7</li>
				<li>7</li>
				<li>2</li>
				<li>2</li>
				<li>2</li>
				<li>2</li>
				<li>3</li>
				<li>7</li>
				<li>2</li>
				<li>2</li>
				<li>2</li>
				<li>2</li>
				<li>3</li>
				<li>0</li>
				<li>0</li>
				<li>0</li>
				<li>0</li>
				<li>0</li>
				<li>0</li>
				<li>0</li>
				<li>0</li>
				<li>0</li>
				<li>0</li>
				<li>0</li>
				<li>3</li>
				<li>2</li>
				<li>2</li>
				<li>2</li>
				<li>2</li>
				<li>2</li>
				<li>5</li>
				<li>3</li>
				<li>0</li>
				<li>2</li>
				<li>0</li>
				<li>0</li>
				<li>0</li>
				<li>0</li>
				<li>0</li>
				<li>0</li>
				<li>0</li>
				<li>0</li>
				<li>0</li>
				<li>0</li>
				<li>0</li>
				<li>0</li>
				<li>0</li>
				<li>0</li>
				<li>0</li>
				<li>0</li>
				<li>0</li>
				<li>0</li>
				<li>0</li>
				<li>0</li>
				<li>2</li>
				<li>0</li>
				<li>2</li>
				<li>2</li>
				<li>0</li>
				<li>0</li>
				<li>2</li>
				<li>2</li>
				<li>0</li>
				<li>0</li>
				<li>2</li>
				<li>0</li>
				<li>0</li>
				<li>0</li>
				<li>0</li>
				<li>2</li>
				<li>2</li>
				<li>0</li>
				<li>0</li>
				<li>0</li>
				<li>0</li>
				<li>0</li>
				<li>0</li>
				<li>0</li>
				<li>0</li>
				<li>0</li>
				<li>0</li>
				<li>0</li>
				<li>0</li>
				<li>0</li>
				<li>0</li>
				<li>0</li>
				<li>0</li>
				<li>0</li>
				<li>0</li>
				<li>0</li>
				<li>0</li>
				<li>0</li>
				<li>0</li>
				<li>0</li>
				<li>0</li>
				<li>0</li>
				<li>0</li>
				<li>0</li>
				<li>0</li>
				<li>0</li>
				<li>0</li>
				<li>0</li>
				<li>0</li>
				<li>0</li>
				<li>0</li>
				<li>3</li>
				<li>0</li>
				<li>0</li>
				<li>0</li>
				<li>0</li>
				<li>0</li>
				<li>0</li>
				<li>0</li>
				<li>7</li>
				<li>0</li>
				<li>0</li>
				<li>0</li>
				<li>0</li>
				<li>0</li>
				<li>0</li>
				<li>3</li>
				<li>0</li>
				<li>0</li>
				<li>0</li>
				<li>0</li>
				<li>2</li>
				<li>2</li>
				<li>0</li>
				<li>0</li>
				<li>0</li>
				<li>0</li>
				<li>0</li>
				<li>0</li>
				<li>0</li>
				<li>0</li>
				<li>0</li>
				<li>0</li>
				<li>0</li>
				<li>0</li>
				<li>5</li>
				<li>0</li>
				<li>0</li>
				<li>0</li>
				<li>0</li>
				<li>0</li>
				<li>0</li>
				<li>0</li>
				<li>0</li>
				<li>0</li>
				<li>0</li>
				<li>0</li>
				<li>0</li>
				<li>0</li>
				<li>0</li>
				<li>0</li>
				<li>0</li>
				<li>0</li>
				<li>0</li>
				<li>7</li>
				<li>0</li>
				<li>7</li>
			</values>
		</tweak_pennedAnimalDict>
		<tweak_animaPsylinkLevelNeeds />
		<tweak_royalTitleSettings>
			<keys>
				<li>Freeholder</li>
				<li>Yeoman</li>
				<li>Acolyte</li>
				<li>Knight</li>
				<li>Praetor</li>
				<li>Baron</li>
				<li>Count</li>
				<li>VFEE_Archcount</li>
				<li>VFEE_Marquess</li>
				<li>Duke</li>
				<li>VFEE_Archduke</li>
				<li>Consul</li>
				<li>VFEE_Magister</li>
				<li>VFEE_Despot</li>
				<li>Stellarch</li>
				<li>VFEE_HighStellarch</li>
			</keys>
			<values>
				<li>
					<favorCost>1</favorCost>
					<heirQuestPoints>1000</heirQuestPoints>
					<disableThroneroomRequirements>False</disableThroneroomRequirements>
					<disableBedroomRequirements>False</disableBedroomRequirements>
				</li>
				<li>
					<favorCost>6</favorCost>
					<heirQuestPoints>1000</heirQuestPoints>
					<dignifiedMeditation>True</dignifiedMeditation>
					<disableThroneroomRequirements>False</disableThroneroomRequirements>
					<disableBedroomRequirements>False</disableBedroomRequirements>
				</li>
				<li>
					<favorCost>6</favorCost>
					<heirQuestPoints>1200</heirQuestPoints>
					<permitPoints>1</permitPoints>
					<dignifiedMeditation>True</dignifiedMeditation>
					<disabledWorkTags>Cleaning</disabledWorkTags>
					<disableThroneroomRequirements>False</disableThroneroomRequirements>
					<disableBedroomRequirements>False</disableBedroomRequirements>
				</li>
				<li>
					<favorCost>8</favorCost>
					<heirQuestPoints>1600</heirQuestPoints>
					<permitPoints>1</permitPoints>
					<dignifiedMeditation>True</dignifiedMeditation>
					<disabledWorkTags>ManualDumb</disabledWorkTags>
					<disableThroneroomRequirements>False</disableThroneroomRequirements>
					<disableBedroomRequirements>False</disableBedroomRequirements>
				</li>
				<li>
					<favorCost>10</favorCost>
					<heirQuestPoints>2200</heirQuestPoints>
					<permitPoints>1</permitPoints>
					<dignifiedMeditation>True</dignifiedMeditation>
					<disabledWorkTags>ManualDumb, PlantWork, Mining</disabledWorkTags>
					<disableThroneroomRequirements>False</disableThroneroomRequirements>
					<disableBedroomRequirements>False</disableBedroomRequirements>
				</li>
				<li>
					<favorCost>14</favorCost>
					<heirQuestPoints>2800</heirQuestPoints>
					<permitPoints>1</permitPoints>
					<dignifiedMeditation>True</dignifiedMeditation>
					<disabledWorkTags>ManualDumb, ManualSkilled, PlantWork, Mining</disabledWorkTags>
					<disableThroneroomRequirements>False</disableThroneroomRequirements>
					<disableBedroomRequirements>False</disableBedroomRequirements>
				</li>
				<li>
					<favorCost>20</favorCost>
					<heirQuestPoints>3500</heirQuestPoints>
					<permitPoints>1</permitPoints>
					<dignifiedMeditation>True</dignifiedMeditation>
					<disabledWorkTags>ManualDumb, ManualSkilled, Animals, PlantWork, Mining</disabledWorkTags>
					<disableThroneroomRequirements>False</disableThroneroomRequirements>
					<disableBedroomRequirements>False</disableBedroomRequirements>
				</li>
				<li>
					<favorCost>28</favorCost>
					<heirQuestPoints>3700</heirQuestPoints>
					<permitPoints>1</permitPoints>
					<dignifiedMeditation>True</dignifiedMeditation>
					<disabledWorkTags>ManualDumb, ManualSkilled, Animals, PlantWork, Mining</disabledWorkTags>
					<disableThroneroomRequirements>False</disableThroneroomRequirements>
					<disableBedroomRequirements>False</disableBedroomRequirements>
				</li>
				<li>
					<favorCost>40</favorCost>
					<heirQuestPoints>3850</heirQuestPoints>
					<permitPoints>1</permitPoints>
					<dignifiedMeditation>True</dignifiedMeditation>
					<disabledWorkTags>ManualDumb, ManualSkilled, Animals, PlantWork, Mining</disabledWorkTags>
					<disableThroneroomRequirements>False</disableThroneroomRequirements>
					<disableBedroomRequirements>False</disableBedroomRequirements>
				</li>
				<li>
					<favorCost>56</favorCost>
					<heirQuestPoints>4000</heirQuestPoints>
					<permitPoints>1</permitPoints>
					<dignifiedMeditation>True</dignifiedMeditation>
					<disabledWorkTags>ManualDumb, ManualSkilled, Animals, PlantWork, Mining</disabledWorkTags>
					<disableThroneroomRequirements>False</disableThroneroomRequirements>
					<disableBedroomRequirements>False</disableBedroomRequirements>
				</li>
				<li>
					<favorCost>80</favorCost>
					<heirQuestPoints>4200</heirQuestPoints>
					<permitPoints>1</permitPoints>
					<dignifiedMeditation>True</dignifiedMeditation>
					<disabledWorkTags>ManualDumb, ManualSkilled, Animals, PlantWork, Mining</disabledWorkTags>
					<disableThroneroomRequirements>False</disableThroneroomRequirements>
					<disableBedroomRequirements>False</disableBedroomRequirements>
				</li>
				<li>
					<favorCost>112</favorCost>
					<heirQuestPoints>4400</heirQuestPoints>
					<permitPoints>1</permitPoints>
					<dignifiedMeditation>True</dignifiedMeditation>
					<disabledWorkTags>ManualDumb, ManualSkilled, Animals, PlantWork, Mining</disabledWorkTags>
					<disableThroneroomRequirements>False</disableThroneroomRequirements>
					<disableBedroomRequirements>False</disableBedroomRequirements>
				</li>
				<li>
					<favorCost>156</favorCost>
					<heirQuestPoints>4500</heirQuestPoints>
					<permitPoints>1</permitPoints>
					<dignifiedMeditation>True</dignifiedMeditation>
					<disabledWorkTags>ManualDumb, ManualSkilled, Animals, PlantWork, Mining</disabledWorkTags>
					<disableThroneroomRequirements>False</disableThroneroomRequirements>
					<disableBedroomRequirements>False</disableBedroomRequirements>
				</li>
				<li>
					<favorCost>220</favorCost>
					<heirQuestPoints>4700</heirQuestPoints>
					<permitPoints>1</permitPoints>
					<dignifiedMeditation>True</dignifiedMeditation>
					<disabledWorkTags>ManualDumb, ManualSkilled, Animals, PlantWork, Mining</disabledWorkTags>
					<disableThroneroomRequirements>False</disableThroneroomRequirements>
					<disableBedroomRequirements>False</disableBedroomRequirements>
				</li>
				<li>
					<favorCost>308</favorCost>
					<heirQuestPoints>5000</heirQuestPoints>
					<permitPoints>1</permitPoints>
					<dignifiedMeditation>True</dignifiedMeditation>
					<disabledWorkTags>ManualDumb, ManualSkilled, Animals, PlantWork, Mining</disabledWorkTags>
					<disableThroneroomRequirements>False</disableThroneroomRequirements>
					<disableBedroomRequirements>False</disableBedroomRequirements>
				</li>
				<li>
					<favorCost>135</favorCost>
					<heirQuestPoints>5000</heirQuestPoints>
					<dignifiedMeditation>True</dignifiedMeditation>
					<disabledWorkTags>ManualDumb, ManualSkilled, Animals, PlantWork, Mining</disabledWorkTags>
					<disableThroneroomRequirements>False</disableThroneroomRequirements>
					<disableBedroomRequirements>False</disableBedroomRequirements>
				</li>
			</values>
		</tweak_royalTitleSettings>
		<tweak_royalPermitSettings>
			<keys>
				<li>SteelDrop</li>
				<li>FoodDrop</li>
				<li>SilverDrop</li>
				<li>GlitterMedDrop</li>
				<li>CallLaborerTeam</li>
				<li>CallLaborerGang</li>
				<li>CallMilitaryAidSmall</li>
				<li>CallMilitaryAidLarge</li>
				<li>CallMilitaryAidGrand</li>
				<li>CallOrbitalStrike</li>
				<li>CallOrbitalSalvo</li>
				<li>CallTransportShuttle</li>
				<li>VFEI_GoldDrop</li>
				<li>VFEI_PlasteelDrop</li>
				<li>VFEI_JadeDrop</li>
				<li>VFEI_UraniumDrop</li>
				<li>VFEI_ClothDrop</li>
				<li>VFEI_WoodDrop</li>
				<li>VFEI_SynthreadDrop</li>
				<li>VFEI_HerbalMedDrop</li>
				<li>VFEI_MedDrop</li>
				<li>VFEI_DevilstrandDrop</li>
				<li>VFEI_HyperweaveDrop</li>
				<li>VFEI_ChemfuelDrop</li>
				<li>VFEI_ComponentDrop</li>
				<li>VFEI_ComponentSpacerDrop</li>
				<li>VFEI_HEShellsDrop</li>
				<li>VFEI_NobleFoodDrop</li>
				<li>VFEI_CallTrooperPlatoon</li>
				<li>VFEI_CallJanissaryPlatoon</li>
				<li>VFEI_CallCataphractPlatoon</li>
				<li>VFEI_CallTechfriar</li>
				<li>VFEI_CallLaborerUnion</li>
				<li>VFEI_StrikerTurretDrop</li>
				<li>VFEI_BurnoutShieldDrop</li>
				<li>VFEI_CallEvacShuttle</li>
				<li>VFEI_StoneDrop</li>
				<li>VFEI_CallStellicGuards</li>
				<li>VFEI_CallImperialRegiment</li>
				<li>VFEI_CallOrbitalSlicingBeam</li>
				<li>VFEI_CallAbsolver</li>
			</keys>
			<values>
				<li>
					<minTitle>Acolyte</minTitle>
					<permitPointCost>1</permitPointCost>
					<favorCost>4</favorCost>
					<cooldownDays>45</cooldownDays>
				</li>
				<li>
					<minTitle>Acolyte</minTitle>
					<permitPointCost>1</permitPointCost>
					<favorCost>4</favorCost>
					<cooldownDays>45</cooldownDays>
				</li>
				<li>
					<minTitle>Knight</minTitle>
					<permitPointCost>1</permitPointCost>
					<favorCost>6</favorCost>
					<cooldownDays>45</cooldownDays>
				</li>
				<li>
					<minTitle>Baron</minTitle>
					<permitPointCost>1</permitPointCost>
					<favorCost>8</favorCost>
					<cooldownDays>45</cooldownDays>
				</li>
				<li>
					<minTitle>Acolyte</minTitle>
					<permitPointCost>1</permitPointCost>
					<favorCost>4</favorCost>
					<cooldownDays>60</cooldownDays>
					<aidDurationDays>4</aidDurationDays>
					<pawnCount>4</pawnCount>
				</li>
				<li>
					<minTitle>Count</minTitle>
					<permitPointCost>1</permitPointCost>
					<favorCost>8</favorCost>
					<cooldownDays>60</cooldownDays>
					<aidDurationDays>4</aidDurationDays>
					<pawnCount>8</pawnCount>
				</li>
				<li>
					<minTitle>Acolyte</minTitle>
					<permitPointCost>1</permitPointCost>
					<favorCost>4</favorCost>
					<cooldownDays>40</cooldownDays>
					<pawnCount>4</pawnCount>
				</li>
				<li>
					<minTitle>Praetor</minTitle>
					<permitPointCost>1</permitPointCost>
					<favorCost>6</favorCost>
					<cooldownDays>50</cooldownDays>
					<pawnCount>4</pawnCount>
				</li>
				<li>
					<minTitle>Count</minTitle>
					<permitPointCost>1</permitPointCost>
					<favorCost>8</favorCost>
					<cooldownDays>60</cooldownDays>
					<pawnCount>4</pawnCount>
				</li>
				<li>
					<minTitle>Knight</minTitle>
					<permitPointCost>1</permitPointCost>
					<favorCost>6</favorCost>
					<cooldownDays>45</cooldownDays>
				</li>
				<li>
					<minTitle>Praetor</minTitle>
					<permitPointCost>1</permitPointCost>
					<favorCost>8</favorCost>
					<cooldownDays>60</cooldownDays>
				</li>
				<li>
					<minTitle>Knight</minTitle>
					<permitPointCost>1</permitPointCost>
					<favorCost>8</favorCost>
					<cooldownDays>40</cooldownDays>
				</li>
				<li>
					<minTitle>Acolyte</minTitle>
					<permitPointCost>1</permitPointCost>
					<favorCost>4</favorCost>
					<cooldownDays>45</cooldownDays>
				</li>
				<li>
					<minTitle>Acolyte</minTitle>
					<permitPointCost>1</permitPointCost>
					<favorCost>4</favorCost>
					<cooldownDays>45</cooldownDays>
				</li>
				<li>
					<minTitle>Acolyte</minTitle>
					<permitPointCost>1</permitPointCost>
					<favorCost>4</favorCost>
					<cooldownDays>45</cooldownDays>
				</li>
				<li>
					<minTitle>Acolyte</minTitle>
					<permitPointCost>1</permitPointCost>
					<favorCost>4</favorCost>
					<cooldownDays>45</cooldownDays>
				</li>
				<li>
					<minTitle>Acolyte</minTitle>
					<permitPointCost>1</permitPointCost>
					<favorCost>4</favorCost>
					<cooldownDays>45</cooldownDays>
				</li>
				<li>
					<minTitle>Acolyte</minTitle>
					<permitPointCost>1</permitPointCost>
					<favorCost>4</favorCost>
					<cooldownDays>45</cooldownDays>
				</li>
				<li>
					<minTitle>Acolyte</minTitle>
					<permitPointCost>1</permitPointCost>
					<favorCost>4</favorCost>
					<cooldownDays>45</cooldownDays>
				</li>
				<li>
					<minTitle>Knight</minTitle>
					<permitPointCost>1</permitPointCost>
					<favorCost>4</favorCost>
					<cooldownDays>45</cooldownDays>
				</li>
				<li>
					<minTitle>Praetor</minTitle>
					<permitPointCost>1</permitPointCost>
					<favorCost>6</favorCost>
					<cooldownDays>45</cooldownDays>
				</li>
				<li>
					<minTitle>Knight</minTitle>
					<permitPointCost>1</permitPointCost>
					<favorCost>6</favorCost>
					<cooldownDays>60</cooldownDays>
				</li>
				<li>
					<minTitle>Praetor</minTitle>
					<permitPointCost>1</permitPointCost>
					<favorCost>8</favorCost>
					<cooldownDays>60</cooldownDays>
				</li>
				<li>
					<minTitle>Knight</minTitle>
					<permitPointCost>1</permitPointCost>
					<favorCost>6</favorCost>
					<cooldownDays>60</cooldownDays>
				</li>
				<li>
					<minTitle>Praetor</minTitle>
					<permitPointCost>1</permitPointCost>
					<favorCost>6</favorCost>
					<cooldownDays>60</cooldownDays>
				</li>
				<li>
					<minTitle>Baron</minTitle>
					<permitPointCost>1</permitPointCost>
					<favorCost>8</favorCost>
					<cooldownDays>60</cooldownDays>
				</li>
				<li>
					<minTitle>Praetor</minTitle>
					<permitPointCost>1</permitPointCost>
					<favorCost>8</favorCost>
					<cooldownDays>60</cooldownDays>
				</li>
				<li>
					<minTitle>Praetor</minTitle>
					<permitPointCost>1</permitPointCost>
					<favorCost>8</favorCost>
					<cooldownDays>60</cooldownDays>
				</li>
				<li>
					<minTitle>VFEE_Archcount</minTitle>
					<permitPointCost>1</permitPointCost>
					<favorCost>8</favorCost>
					<cooldownDays>60</cooldownDays>
					<pawnCount>8</pawnCount>
				</li>
				<li>
					<minTitle>VFEE_Marquess</minTitle>
					<permitPointCost>1</permitPointCost>
					<favorCost>10</favorCost>
					<cooldownDays>70</cooldownDays>
					<pawnCount>8</pawnCount>
				</li>
				<li>
					<minTitle>Duke</minTitle>
					<permitPointCost>1</permitPointCost>
					<favorCost>12</favorCost>
					<cooldownDays>80</cooldownDays>
					<pawnCount>8</pawnCount>
				</li>
				<li>
					<minTitle>Duke</minTitle>
					<permitPointCost>1</permitPointCost>
					<favorCost>14</favorCost>
					<cooldownDays>60</cooldownDays>
					<aidDurationDays>4</aidDurationDays>
				</li>
				<li>
					<minTitle>Duke</minTitle>
					<permitPointCost>1</permitPointCost>
					<favorCost>14</favorCost>
					<cooldownDays>60</cooldownDays>
					<aidDurationDays>4</aidDurationDays>
					<pawnCount>12</pawnCount>
				</li>
				<li>
					<minTitle>Praetor</minTitle>
					<permitPointCost>1</permitPointCost>
					<favorCost>8</favorCost>
					<cooldownDays>45</cooldownDays>
				</li>
				<li>
					<minTitle>Praetor</minTitle>
					<permitPointCost>1</permitPointCost>
					<favorCost>8</favorCost>
					<cooldownDays>45</cooldownDays>
				</li>
				<li>
					<minTitle>Baron</minTitle>
					<permitPointCost>1</permitPointCost>
					<favorCost>8</favorCost>
					<cooldownDays>30</cooldownDays>
				</li>
				<li>
					<minTitle>Acolyte</minTitle>
					<permitPointCost>1</permitPointCost>
					<favorCost>4</favorCost>
					<cooldownDays>45</cooldownDays>
				</li>
				<li>
					<minTitle>Consul</minTitle>
					<permitPointCost>1</permitPointCost>
					<favorCost>14</favorCost>
					<cooldownDays>90</cooldownDays>
				</li>
				<li>
					<minTitle>VFEE_Magister</minTitle>
					<permitPointCost>1</permitPointCost>
					<favorCost>20</favorCost>
					<cooldownDays>90</cooldownDays>
				</li>
				<li>
					<minTitle>Count</minTitle>
					<permitPointCost>1</permitPointCost>
					<favorCost>12</favorCost>
					<cooldownDays>65</cooldownDays>
				</li>
				<li>
					<minTitle>Duke</minTitle>
					<permitPointCost>1</permitPointCost>
					<favorCost>14</favorCost>
					<cooldownDays>60</cooldownDays>
					<aidDurationDays>4</aidDurationDays>
					<pawnCount>1</pawnCount>
				</li>
			</values>
		</tweak_royalPermitSettings>
		<genepacksEnabled>
			<keys>
				<li>Hair_SnowWhite</li>
				<li>Hair_InkBlack</li>
				<li>Hair_Gray</li>
				<li>Hair_DarkBlack</li>
				<li>Hair_MidBlack</li>
				<li>Hair_DarkReddish</li>
				<li>Hair_DarkSaturatedReddish</li>
				<li>Hair_DarkBrown</li>
				<li>Hair_ReddishBrown</li>
				<li>Hair_SandyBlonde</li>
				<li>Hair_Blonde</li>
				<li>Hair_Pink</li>
				<li>Hair_LightPurple</li>
				<li>Hair_LightBlue</li>
				<li>Hair_LightTeal</li>
				<li>Hair_LightGreen</li>
				<li>Hair_LightOrange</li>
				<li>Hair_BrightRed</li>
				<li>Skin_Melanin1</li>
				<li>Skin_Melanin2</li>
				<li>Skin_Melanin3</li>
				<li>Skin_Melanin4</li>
				<li>Skin_Melanin5</li>
				<li>Skin_Melanin6</li>
				<li>Skin_Melanin7</li>
				<li>Skin_Melanin8</li>
				<li>Skin_Melanin9</li>
				<li>FireSpew</li>
				<li>FoamSpray</li>
				<li>LongjumpLegs</li>
				<li>AnimalWarcall</li>
				<li>Bloodfeeder</li>
				<li>Coagulate</li>
				<li>XenogermReimplanter</li>
				<li>PiercingSpine</li>
				<li>AcidSpray</li>
				<li>Hair_BaldOnly</li>
				<li>Hair_ShortOnly</li>
				<li>Hair_LongOnly</li>
				<li>Hair_Grayless</li>
				<li>Beard_BushyOnly</li>
				<li>Beard_NoBeardOnly</li>
				<li>Beard_Always</li>
				<li>Skin_InkBlack</li>
				<li>Skin_SlateGray</li>
				<li>Skin_LightGray</li>
				<li>Skin_SheerWhite</li>
				<li>Skin_Blue</li>
				<li>Skin_Purple</li>
				<li>Skin_PaleRed</li>
				<li>Skin_DeepRed</li>
				<li>Skin_PaleYellow</li>
				<li>Skin_DeepYellow</li>
				<li>Skin_Orange</li>
				<li>Skin_Green</li>
				<li>Furskin</li>
				<li>Eyes_Red</li>
				<li>Eyes_Gray</li>
				<li>Brow_Heavy</li>
				<li>Tail_Furry</li>
				<li>Tail_Smooth</li>
				<li>FacialRidges</li>
				<li>Body_Fat</li>
				<li>Body_Thin</li>
				<li>Body_Hulk</li>
				<li>Body_Standard</li>
				<li>Ears_Human</li>
				<li>Ears_Pig</li>
				<li>Ears_Floppy</li>
				<li>Ears_Cat</li>
				<li>Ears_Pointed</li>
				<li>Nose_Human</li>
				<li>Nose_Pig</li>
				<li>Jaw_Baseline</li>
				<li>Jaw_Heavy</li>
				<li>Head_Gaunt</li>
				<li>Hands_Human</li>
				<li>Hands_Pig</li>
				<li>ElongatedFingers</li>
				<li>Headbone_Human</li>
				<li>Headbone_MiniHorns</li>
				<li>Headbone_CenterHorn</li>
				<li>Voice_Human</li>
				<li>VoicePig</li>
				<li>VoiceRoar</li>
				<li>WoundHealing_Slow</li>
				<li>WoundHealing_Fast</li>
				<li>WoundHealing_SuperFast</li>
				<li>Immunity_Weak</li>
				<li>Immunity_Strong</li>
				<li>Immunity_SuperStrong</li>
				<li>ToxicEnvironmentResistance_Partial</li>
				<li>ToxicEnvironmentResistance_Total</li>
				<li>Sterile</li>
				<li>Fertile</li>
				<li>Superclotting</li>
				<li>KindInstinct</li>
				<li>ViolenceDisabled</li>
				<li>Nearsighted</li>
				<li>StrongStomach</li>
				<li>DarkVision</li>
				<li>KillThirst</li>
				<li>FireResistant</li>
				<li>Inbred</li>
				<li>RobustDigestion</li>
				<li>Instability_Mild</li>
				<li>Instability_Major</li>
				<li>PsychicBonding</li>
				<li>PollutionRush</li>
				<li>Unstoppable</li>
				<li>NakedSpeed</li>
				<li>Hemogenic</li>
				<li>HemogenDrain</li>
				<li>FireWeakness</li>
				<li>FireTerror</li>
				<li>PerfectImmunity</li>
				<li>DiseaseFree</li>
				<li>TotalHealing</li>
				<li>Deathrest</li>
				<li>Ageless</li>
				<li>Deathless</li>
				<li>ArchiteMetabolism</li>
				<li>MinTemp_SmallIncrease</li>
				<li>MinTemp_SmallDecrease</li>
				<li>MinTemp_LargeDecrease</li>
				<li>MaxTemp_LargeIncrease</li>
				<li>MaxTemp_SmallIncrease</li>
				<li>MaxTemp_SmallDecrease</li>
				<li>PsychicAbility_Deaf</li>
				<li>PsychicAbility_Dull</li>
				<li>PsychicAbility_Enhanced</li>
				<li>PsychicAbility_Extreme</li>
				<li>MoveSpeed_Slow</li>
				<li>MoveSpeed_Quick</li>
				<li>MoveSpeed_VeryQuick</li>
				<li>Beauty_VeryUgly</li>
				<li>Beauty_Ugly</li>
				<li>Beauty_Pretty</li>
				<li>Beauty_Beautiful</li>
				<li>Learning_Slow</li>
				<li>Learning_Fast</li>
				<li>Mood_Depressive</li>
				<li>Mood_Pessimist</li>
				<li>Mood_Optimist</li>
				<li>Mood_Sanguine</li>
				<li>ToxResist_Partial</li>
				<li>ToxResist_Total</li>
				<li>Delicate</li>
				<li>Robust</li>
				<li>Pain_Reduced</li>
				<li>Pain_Extra</li>
				<li>Aggression_DeadCalm</li>
				<li>Aggression_Aggressive</li>
				<li>Aggression_HyperAggressive</li>
				<li>VerySleepy</li>
				<li>Sleepy</li>
				<li>LowSleep</li>
				<li>Neversleep</li>
				<li>MeleeDamage_Weak</li>
				<li>MeleeDamage_Strong</li>
				<li>UVSensitivity_Mild</li>
				<li>UVSensitivity_Intense</li>
				<li>Libido_Low</li>
				<li>Libido_High</li>
				<li>SZBodySize_40</li>
				<li>SZBodySize_30</li>
				<li>SZBodySize_20</li>
				<li>SZBodySize_19</li>
				<li>SZBodySize_18</li>
				<li>SZBodySize_17</li>
				<li>SZBodySize_16</li>
				<li>SZBodySize_15</li>
				<li>SZBodySize_14</li>
				<li>SZBodySize_13</li>
				<li>SZBodySize_12</li>
				<li>SZBodySize_11</li>
				<li>SZBodySize_10</li>
				<li>SZBodySize_09</li>
				<li>SZBodySize_08</li>
				<li>SZBodySize_07</li>
				<li>AptitudeTerrible_Shooting</li>
				<li>AptitudeTerrible_Melee</li>
				<li>AptitudeTerrible_Construction</li>
				<li>AptitudeTerrible_Mining</li>
				<li>AptitudeTerrible_Cooking</li>
				<li>AptitudeTerrible_Plants</li>
				<li>AptitudeTerrible_Animals</li>
				<li>AptitudeTerrible_Crafting</li>
				<li>AptitudeTerrible_Artistic</li>
				<li>AptitudeTerrible_Medicine</li>
				<li>AptitudeTerrible_Social</li>
				<li>AptitudeTerrible_Intellectual</li>
				<li>AptitudePoor_Shooting</li>
				<li>AptitudePoor_Melee</li>
				<li>AptitudePoor_Construction</li>
				<li>AptitudePoor_Mining</li>
				<li>AptitudePoor_Cooking</li>
				<li>AptitudePoor_Plants</li>
				<li>AptitudePoor_Animals</li>
				<li>AptitudePoor_Crafting</li>
				<li>AptitudePoor_Artistic</li>
				<li>AptitudePoor_Medicine</li>
				<li>AptitudePoor_Social</li>
				<li>AptitudePoor_Intellectual</li>
				<li>AptitudeStrong_Shooting</li>
				<li>AptitudeStrong_Melee</li>
				<li>AptitudeStrong_Construction</li>
				<li>AptitudeStrong_Mining</li>
				<li>AptitudeStrong_Cooking</li>
				<li>AptitudeStrong_Plants</li>
				<li>AptitudeStrong_Animals</li>
				<li>AptitudeStrong_Crafting</li>
				<li>AptitudeStrong_Artistic</li>
				<li>AptitudeStrong_Medicine</li>
				<li>AptitudeStrong_Social</li>
				<li>AptitudeStrong_Intellectual</li>
				<li>AptitudeRemarkable_Shooting</li>
				<li>AptitudeRemarkable_Melee</li>
				<li>AptitudeRemarkable_Construction</li>
				<li>AptitudeRemarkable_Mining</li>
				<li>AptitudeRemarkable_Cooking</li>
				<li>AptitudeRemarkable_Plants</li>
				<li>AptitudeRemarkable_Animals</li>
				<li>AptitudeRemarkable_Crafting</li>
				<li>AptitudeRemarkable_Artistic</li>
				<li>AptitudeRemarkable_Medicine</li>
				<li>AptitudeRemarkable_Social</li>
				<li>AptitudeRemarkable_Intellectual</li>
				<li>ChemicalDependency_Alcohol</li>
				<li>ChemicalDependency_GoJuice</li>
				<li>ChemicalDependency_Psychite</li>
				<li>ChemicalDependency_Smokeleaf</li>
				<li>ChemicalDependency_WakeUp</li>
				<li>ChemicalDependency_VFEC_Opium</li>
				<li>ChemicalDependency_VFEI_RoyalJellyChemical</li>
				<li>AddictionResistant_Alcohol</li>
				<li>AddictionResistant_GoJuice</li>
				<li>AddictionResistant_Psychite</li>
				<li>AddictionResistant_Smokeleaf</li>
				<li>AddictionResistant_WakeUp</li>
				<li>AddictionResistant_VFEC_Opium</li>
				<li>AddictionResistant_VFEI_RoyalJellyChemical</li>
				<li>AddictionImmune_Alcohol</li>
				<li>AddictionImmune_GoJuice</li>
				<li>AddictionImmune_Psychite</li>
				<li>AddictionImmune_Smokeleaf</li>
				<li>AddictionImmune_WakeUp</li>
				<li>AddictionImmune_VFEC_Opium</li>
				<li>AddictionImmune_VFEI_RoyalJellyChemical</li>
				<li>VRE_FelineEars</li>
				<li>VRE_FelineTail</li>
				<li>VRE_PerfectBody</li>
				<li>VRE_HighmateHair</li>
				<li>VRE_DominantGenome</li>
				<li>VRE_RecessiveGenome</li>
				<li>VRE_Libido_VeryHigh</li>
				<li>VRE_LovinDependency</li>
				<li>VRE_Flirty</li>
				<li>VRE_Distressed</li>
				<li>VRE_Harmless</li>
				<li>VREH_Dutiful</li>
				<li>VREH_BulletproofSkin</li>
				<li>VREH_Giant</li>
				<li>VREH_Toughness</li>
				<li>VREH_Arrogant</li>
				<li>VREH_Unconstrained</li>
				<li>VREH_ChemicalDependency_Luciferium</li>
				<li>VREH_Glidewings</li>
				<li>VREHT_WeaponAptitude_Randomizer</li>
				<li>VRE_ToxAbsorption</li>
				<li>VRE_Instability_Nominal</li>
				<li>VRE_Instability_Extreme</li>
				<li>VRE_Instability_Progressive</li>
				<li>VREW_Mutation_Randomizer</li>
				<li>VREW_PollutionRush</li>
				<li>VREW_PollutionRegeneration</li>
				<li>VREW_PollutionRage</li>
				<li>VREW_PollutionSustenance</li>
				<li>VREW_PollutionCognition</li>
				<li>VREW_PollutionNumbness</li>
				<li>VREW_PollutionHappiness</li>
				<li>VREW_PollutionProductivity</li>
				<li>VREW_PollutionPsySensitivity</li>
				<li>VREW_PollutionFertility</li>
				<li>VREW_PollutionAccuracy</li>
				<li>VREHT_WeaponAptitude_MeleeWeapon_BreachAxe</li>
				<li>VREHT_WeaponAptitude_MeleeWeapon_Mace</li>
				<li>VREHT_WeaponAptitude_MeleeWeapon_Gladius</li>
				<li>VREHT_WeaponAptitude_MeleeWeapon_LongSword</li>
				<li>VREHT_WeaponAptitude_MeleeWeapon_Knife</li>
				<li>VREHT_WeaponAptitude_MeleeWeapon_Ikwa</li>
				<li>VREHT_WeaponAptitude_MeleeWeapon_Spear</li>
				<li>VREHT_WeaponAptitude_Gun_Revolver</li>
				<li>VREHT_WeaponAptitude_Gun_Autopistol</li>
				<li>VREHT_WeaponAptitude_Gun_MachinePistol</li>
				<li>VREHT_WeaponAptitude_Gun_BoltActionRifle</li>
				<li>VREHT_WeaponAptitude_Gun_PumpShotgun</li>
				<li>VREHT_WeaponAptitude_Gun_ChainShotgun</li>
				<li>VREHT_WeaponAptitude_Gun_HeavySMG</li>
				<li>VREHT_WeaponAptitude_Gun_LMG</li>
				<li>VREHT_WeaponAptitude_Gun_AssaultRifle</li>
				<li>VREHT_WeaponAptitude_Gun_SniperRifle</li>
				<li>VREHT_WeaponAptitude_Gun_Minigun</li>
				<li>VREHT_WeaponAptitude_Bow_Short</li>
				<li>VREHT_WeaponAptitude_Pila</li>
				<li>VREHT_WeaponAptitude_Bow_Recurve</li>
				<li>VREHT_WeaponAptitude_Bow_Great</li>
				<li>VREHT_WeaponAptitude_Gun_ChargeRifle</li>
				<li>VREHT_WeaponAptitude_Gun_ChargeLance</li>
				<li>VREHT_WeaponAptitude_MeleeWeapon_Axe</li>
				<li>VREHT_WeaponAptitude_MeleeWeapon_Warhammer</li>
				<li>VREHT_WeaponAptitude_VWE_MeleeWeapon_Shovel</li>
				<li>VREHT_WeaponAptitude_VWE_MeleeWeapon_Baton</li>
				<li>VREHT_WeaponAptitude_VWE_MeleeWeapon_CombatKnife</li>
				<li>VREHT_WeaponAptitude_VWE_MeleeWeapon_Hammer</li>
				<li>VREHT_WeaponAptitude_VWE_MeleeWeapon_BattleAxe</li>
				<li>VREHT_WeaponAptitude_VWE_MeleeWeapon_Halberd</li>
				<li>VREHT_WeaponAptitude_VWE_MeleeWeapon_Axe</li>
				<li>VREHT_WeaponAptitude_VWE_Bow_Compound</li>
				<li>VREHT_WeaponAptitude_VWE_Gun_HandCannon</li>
				<li>VREHT_WeaponAptitude_VWE_CombatHandgun</li>
				<li>VREHT_WeaponAptitude_VWE_SawedOffShotgun</li>
				<li>VREHT_WeaponAptitude_VWE_Gun_SemiAutomaticRifle</li>
				<li>VREHT_WeaponAptitude_VWE_Gun_LeverActionRifle</li>
				<li>VREHT_WeaponAptitude_VWE_Gun_LightSMG</li>
				<li>VREHT_WeaponAptitude_VWE_Gun_SMG</li>
				<li>VREHT_WeaponAptitude_VWE_Gun_HMG</li>
				<li>VREHT_WeaponAptitude_VWE_Gun_ServiceRifle</li>
				<li>VREHT_WeaponAptitude_VWE_Gun_BattleRifle</li>
				<li>VREHT_WeaponAptitude_VWE_Gun_Carbine</li>
				<li>VREHT_WeaponAptitude_VWE_Gun_MarksmanRifle</li>
				<li>VREHT_WeaponAptitude_VWE_Gun_AntiMaterialRifle</li>
				<li>VREHT_WeaponAptitude_VWE_Bow_Crossbow</li>
				<li>VREHT_WeaponAptitude_VWE_Gun_Musket</li>
				<li>VREHT_WeaponAptitude_VWE_Gun_Flintlock</li>
				<li>VREHT_WeaponAptitude_VWE_Throwing_Knives</li>
				<li>VREHT_WeaponAptitude_VWE_Tool_Whip</li>
				<li>VREHT_WeaponAptitude_VWE_Throwing_Rocks</li>
				<li>VREHT_WeaponAptitude_VWE_Bow_Long</li>
				<li>VREHT_WeaponAptitude_VWE_Gun_ChargePistol</li>
				<li>VREHT_WeaponAptitude_VWE_Gun_ChargeShotgun</li>
				<li>VREHT_WeaponAptitude_VWE_Gun_ChargeSMG</li>
				<li>VREHT_WeaponAptitude_VWE_Gun_ChargeLMG</li>
				<li>VREHT_WeaponAptitude_VWE_Gun_ChargeSniperRifle</li>
				<li>VREHT_WeaponAptitude_VWE_Gun_ChargeMinigun</li>
				<li>VREHT_WeaponAptitude_VFEM_MeleeWeapon_HeavyMace</li>
				<li>VREHT_WeaponAptitude_VFEM_Bow_HeavyCrossbow</li>
				<li>VREHT_WeaponAptitude_VFES_Gun_DoubleActionRevolver</li>
				<li>VREHT_WeaponAptitude_VFES_Gun_DoubleBarreledShotgun</li>
				<li>VREHT_WeaponAptitude_VFES_Gun_HuntingRifle</li>
				<li>VREHT_WeaponAptitude_VFES_Tomahawk</li>
				<li>VREHT_WeaponAptitude_VFET_Stake</li>
				<li>VREHT_WeaponAptitude_VFET_Throwspikes</li>
				<li>VREHT_WeaponAptitude_VFEE_Gun_ChargeThumper</li>
				<li>VREHT_WeaponAptitude_VFE_MeleeWeapon_Seax</li>
				<li>VREHT_WeaponAptitude_VFE_MeleeWeapon_BeardedAxe</li>
				<li>VREHT_WeaponAptitude_VFE_MeleeWeapon_DaneAxe</li>
				<li>VREHT_WeaponAptitude_VFE_ThrowingAxe</li>
				<li>VREHT_WeaponAptitude_VFE_Harpoon</li>
				<li>VREHT_WeaponAptitude_VFEC_MeleeWeapon_Spatha</li>
				<li>VREHT_WeaponAptitude_VFEC_MeleeWeapon_Dagger</li>
				<li>VREHT_WeaponAptitude_VFEC_Javelin</li>
				<li>VREHT_WeaponAptitude_VWE_Sling</li>
				<li>VREHT_WeaponAptitude_VWE_Throwing_Shards</li>
				<li>VREHT_WeaponAptitude_VWEFT_Gun_HeavyRevolver</li>
				<li>VREHT_WeaponAptitude_VWEFT_Gun_VolcanicPistol</li>
				<li>VREHT_WeaponAptitude_VWEFT_Gun_FrontierPistol</li>
				<li>VREHT_WeaponAptitude_VWEFT_Gun_RollingBlockRifle</li>
				<li>VREHT_WeaponAptitude_VWEFT_Gun_RepeatingShotgun</li>
				<li>VREHT_WeaponAptitude_VFED_Gun_ChargeCycler</li>
				<li>VREHT_WeaponAptitude_K4G_MeleeWeapon_Sabre</li>
				<li>VREHT_WeaponAptitude_K4G_MeleeWeapon_Katana</li>
				<li>VREHT_WeaponAptitude_K4G_MeleeWeapon_Cleaver</li>
				<li>VREHT_WeaponAptitude_K4G_MeleeWeapon_Scimitar</li>
				<li>VREHT_WeaponAptitude_K4G_MeleeWeapon_Glaive</li>
				<li>VREHT_WeaponAptitude_K4G_MeleeWeapon_Baton</li>
				<li>VREHT_WeaponAptitude_K4G_Gun_Snubgun</li>
				<li>VREHT_WeaponAptitude_K4G_Gun_Bolter</li>
				<li>VREHT_WeaponAptitude_K4G_Gun_AdvancedAutopistol</li>
				<li>VREHT_WeaponAptitude_K4G_Gun_PrecisionPistol</li>
				<li>VREHT_WeaponAptitude_K4G_Gun_LongGun</li>
				<li>VREHT_WeaponAptitude_K4G_Gun_Carbiner</li>
				<li>VREHT_WeaponAptitude_K4G_Gun_DuneRifle</li>
				<li>VREHT_WeaponAptitude_K4G_Gun_HeavyShotgun</li>
				<li>VREHT_WeaponAptitude_K4G_Gun_LightSMG</li>
				<li>VREHT_WeaponAptitude_K4G_Gun_AdvancedSMG</li>
				<li>VREHT_WeaponAptitude_K4G_Gun_CompactRifle</li>
				<li>VREHT_WeaponAptitude_K4G_Gun_BattleRifle</li>
			</keys>
			<values>
				<li>False</li>
				<li>False</li>
				<li>False</li>
				<li>False</li>
				<li>False</li>
				<li>False</li>
				<li>False</li>
				<li>False</li>
				<li>False</li>
				<li>False</li>
				<li>False</li>
				<li>False</li>
				<li>False</li>
				<li>False</li>
				<li>False</li>
				<li>False</li>
				<li>False</li>
				<li>False</li>
				<li>False</li>
				<li>False</li>
				<li>False</li>
				<li>False</li>
				<li>False</li>
				<li>False</li>
				<li>False</li>
				<li>False</li>
				<li>False</li>
				<li>True</li>
				<li>True</li>
				<li>True</li>
				<li>True</li>
				<li>True</li>
				<li>True</li>
				<li>True</li>
				<li>True</li>
				<li>True</li>
				<li>True</li>
				<li>True</li>
				<li>True</li>
				<li>True</li>
				<li>True</li>
				<li>True</li>
				<li>True</li>
				<li>True</li>
				<li>True</li>
				<li>True</li>
				<li>True</li>
				<li>True</li>
				<li>True</li>
				<li>True</li>
				<li>True</li>
				<li>True</li>
				<li>True</li>
				<li>True</li>
				<li>True</li>
				<li>True</li>
				<li>True</li>
				<li>True</li>
				<li>True</li>
				<li>True</li>
				<li>True</li>
				<li>True</li>
				<li>True</li>
				<li>True</li>
				<li>True</li>
				<li>True</li>
				<li>False</li>
				<li>True</li>
				<li>True</li>
				<li>True</li>
				<li>True</li>
				<li>False</li>
				<li>True</li>
				<li>False</li>
				<li>True</li>
				<li>True</li>
				<li>False</li>
				<li>True</li>
				<li>True</li>
				<li>False</li>
				<li>True</li>
				<li>True</li>
				<li>False</li>
				<li>True</li>
				<li>True</li>
				<li>True</li>
				<li>True</li>
				<li>True</li>
				<li>True</li>
				<li>True</li>
				<li>True</li>
				<li>True</li>
				<li>True</li>
				<li>True</li>
				<li>True</li>
				<li>True</li>
				<li>True</li>
				<li>True</li>
				<li>True</li>
				<li>True</li>
				<li>True</li>
				<li>True</li>
				<li>True</li>
				<li>False</li>
				<li>True</li>
				<li>True</li>
				<li>True</li>
				<li>True</li>
				<li>True</li>
				<li>True</li>
				<li>True</li>
				<li>True</li>
				<li>True</li>
				<li>True</li>
				<li>True</li>
				<li>True</li>
				<li>True</li>
				<li>True</li>
				<li>True</li>
				<li>True</li>
				<li>True</li>
				<li>True</li>
				<li>True</li>
				<li>True</li>
				<li>True</li>
				<li>True</li>
				<li>True</li>
				<li>True</li>
				<li>True</li>
				<li>True</li>
				<li>True</li>
				<li>True</li>
				<li>True</li>
				<li>True</li>
				<li>True</li>
				<li>True</li>
				<li>True</li>
				<li>True</li>
				<li>True</li>
				<li>True</li>
				<li>True</li>
				<li>True</li>
				<li>True</li>
				<li>True</li>
				<li>True</li>
				<li>True</li>
				<li>True</li>
				<li>True</li>
				<li>True</li>
				<li>True</li>
				<li>True</li>
				<li>True</li>
				<li>True</li>
				<li>True</li>
				<li>True</li>
				<li>True</li>
				<li>True</li>
				<li>True</li>
				<li>True</li>
				<li>True</li>
				<li>True</li>
				<li>True</li>
				<li>True</li>
				<li>True</li>
				<li>False</li>
				<li>False</li>
				<li>False</li>
				<li>False</li>
				<li>False</li>
				<li>False</li>
				<li>False</li>
				<li>False</li>
				<li>False</li>
				<li>False</li>
				<li>False</li>
				<li>False</li>
				<li>False</li>
				<li>False</li>
				<li>False</li>
				<li>False</li>
				<li>True</li>
				<li>True</li>
				<li>True</li>
				<li>True</li>
				<li>True</li>
				<li>True</li>
				<li>True</li>
				<li>True</li>
				<li>True</li>
				<li>True</li>
				<li>True</li>
				<li>True</li>
				<li>True</li>
				<li>True</li>
				<li>True</li>
				<li>True</li>
				<li>True</li>
				<li>True</li>
				<li>True</li>
				<li>True</li>
				<li>True</li>
				<li>True</li>
				<li>True</li>
				<li>True</li>
				<li>True</li>
				<li>True</li>
				<li>True</li>
				<li>True</li>
				<li>True</li>
				<li>True</li>
				<li>True</li>
				<li>True</li>
				<li>True</li>
				<li>True</li>
				<li>True</li>
				<li>True</li>
				<li>True</li>
				<li>True</li>
				<li>True</li>
				<li>True</li>
				<li>True</li>
				<li>True</li>
				<li>True</li>
				<li>True</li>
				<li>True</li>
				<li>True</li>
				<li>True</li>
				<li>True</li>
				<li>True</li>
				<li>True</li>
				<li>True</li>
				<li>True</li>
				<li>True</li>
				<li>True</li>
				<li>True</li>
				<li>True</li>
				<li>True</li>
				<li>True</li>
				<li>True</li>
				<li>True</li>
				<li>True</li>
				<li>True</li>
				<li>True</li>
				<li>True</li>
				<li>True</li>
				<li>True</li>
				<li>True</li>
				<li>True</li>
				<li>True</li>
				<li>True</li>
				<li>True</li>
				<li>True</li>
				<li>True</li>
				<li>True</li>
				<li>True</li>
				<li>True</li>
				<li>True</li>
				<li>True</li>
				<li>True</li>
				<li>True</li>
				<li>True</li>
				<li>True</li>
				<li>True</li>
				<li>True</li>
				<li>True</li>
				<li>True</li>
				<li>True</li>
				<li>True</li>
				<li>True</li>
				<li>True</li>
				<li>True</li>
				<li>True</li>
				<li>True</li>
				<li>True</li>
				<li>True</li>
				<li>True</li>
				<li>True</li>
				<li>True</li>
				<li>True</li>
				<li>True</li>
				<li>True</li>
				<li>True</li>
				<li>True</li>
				<li>True</li>
				<li>True</li>
				<li>True</li>
				<li>True</li>
				<li>True</li>
				<li>True</li>
				<li>True</li>
				<li>True</li>
				<li>True</li>
				<li>True</li>
				<li>True</li>
				<li>True</li>
				<li>True</li>
				<li>True</li>
				<li>True</li>
				<li>True</li>
				<li>True</li>
				<li>True</li>
				<li>True</li>
				<li>True</li>
				<li>True</li>
				<li>True</li>
				<li>True</li>
				<li>True</li>
				<li>True</li>
				<li>True</li>
				<li>True</li>
				<li>True</li>
				<li>True</li>
				<li>True</li>
				<li>True</li>
				<li>True</li>
				<li>True</li>
				<li>True</li>
				<li>True</li>
				<li>True</li>
				<li>True</li>
				<li>True</li>
				<li>True</li>
				<li>True</li>
				<li>True</li>
				<li>True</li>
				<li>True</li>
				<li>True</li>
				<li>True</li>
				<li>True</li>
				<li>True</li>
				<li>True</li>
				<li>True</li>
				<li>True</li>
				<li>True</li>
				<li>True</li>
				<li>True</li>
				<li>True</li>
				<li>True</li>
				<li>True</li>
				<li>True</li>
				<li>True</li>
				<li>True</li>
				<li>True</li>
				<li>True</li>
				<li>True</li>
				<li>True</li>
				<li>True</li>
				<li>True</li>
				<li>True</li>
				<li>True</li>
				<li>True</li>
				<li>True</li>
				<li>True</li>
				<li>True</li>
				<li>True</li>
				<li>True</li>
				<li>True</li>
				<li>True</li>
				<li>True</li>
				<li>True</li>
				<li>True</li>
				<li>True</li>
				<li>True</li>
				<li>True</li>
				<li>True</li>
				<li>True</li>
				<li>True</li>
				<li>True</li>
				<li>True</li>
				<li>True</li>
				<li>True</li>
				<li>True</li>
				<li>True</li>
				<li>True</li>
				<li>True</li>
				<li>True</li>
				<li>True</li>
				<li>True</li>
				<li>True</li>
				<li>True</li>
				<li>True</li>
				<li>True</li>
				<li>True</li>
				<li>True</li>
				<li>True</li>
				<li>True</li>
				<li>True</li>
				<li>True</li>
			</values>
		</genepacksEnabled>
	</ModSettings>
</SettingsBlock>