﻿<?xml version="1.0" encoding="utf-8"?>
<SettingsBlock>
	<ModSettings Class="VEE.Settings.VEESettings">
		<daysBetweenPurpleEvent>300</daysBetweenPurpleEvent>
		<incidentsStatus>
			<keys>
				<li>WastepackInfestation</li>
				<li>ResourcePodCrash</li>
				<li>PsychicSoothe</li>
				<li>SelfTame</li>
				<li>AmbrosiaSprout</li>
				<li>FarmAnimalsWanderIn</li>
				<li>WandererJoin</li>
				<li>RefugeePodCrash</li>
				<li>ThrumboPasses</li>
				<li>RansomDemand</li>
				<li>MeteoriteImpact</li>
				<li>HerdMigration</li>
				<li>WildManWandersIn</li>
				<li>PsychicDrone</li>
				<li>ToxicFallout</li>
				<li>VolcanicWinter</li>
				<li>HeatWave</li>
				<li>ColdSnap</li>
				<li>Flashstorm</li>
				<li>ShortCircuit</li>
				<li>CropBlight</li>
				<li>Alphabeavers</li>
				<li>ShipChunkDrop</li>
				<li>OrbitalTraderArrival</li>
				<li>TraderCaravanArrival</li>
				<li>VisitorGroup</li>
				<li>TravelerGroup</li>
				<li>RaidFriendly</li>
				<li>RaidEnemy</li>
				<li>Infestation</li>
				<li>DeepDrillInfestation</li>
				<li>ManhunterPack</li>
				<li>DefoliatorShipPartCrash</li>
				<li>PsychicEmanatorShipPartCrash</li>
				<li>AnimalInsanityMass</li>
				<li>AnimalInsanitySingle</li>
				<li>Eclipse</li>
				<li>SolarFlare</li>
				<li>Aurora</li>
				<li>AmbrosiaAnimalsLGE</li>
				<li>NewSettlementLGE</li>
				<li>RG_DevilDusts</li>
				<li>WandererJoinAbasia</li>
				<li>VEE_WandererJoinsTraitor</li>
				<li>VEE_Drought</li>
				<li>VEE_SpaceBattle</li>
				<li>VEE_MeteoriteShower</li>
				<li>VEE_AnimalPodCrash</li>
				<li>VEE_ShuttleCrash</li>
				<li>VEE_Earthquake</li>
				<li>VEE_Cargopodsweapons</li>
				<li>VEE_Cargopodsapparel</li>
				<li>VEE_CaravanAnimalsWanderIn</li>
				<li>VEE_CropSprout</li>
				<li>VEE_BattleAnimalsWanderIn</li>
				<li>VEE_WildMenWanderIn</li>
				<li>VEE_HuntingParty</li>
				<li>VEE_IceAge</li>
				<li>VEE_GlobalWarming</li>
				<li>VEE_PsychicRain</li>
				<li>VEE_LongNight</li>
				<li>VEE_PsychicBloom</li>
				<li>ProtectionFee</li>
				<li>ProtectionFeeLTS</li>
				<li>VFEV_SlaverRaid</li>
				<li>VFEV_PillageRaid</li>
				<li>VME_JunkChunkDrop</li>
				<li>VSIE_OneNightStand</li>
				<li>VFED_PropagandaDrop</li>
				<li>VFED_Raid_Absolver</li>
			</keys>
			<values>
				<li>True</li>
				<li>True</li>
				<li>True</li>
				<li>True</li>
				<li>True</li>
				<li>True</li>
				<li>True</li>
				<li>True</li>
				<li>True</li>
				<li>True</li>
				<li>True</li>
				<li>True</li>
				<li>True</li>
				<li>True</li>
				<li>True</li>
				<li>True</li>
				<li>True</li>
				<li>True</li>
				<li>True</li>
				<li>True</li>
				<li>True</li>
				<li>True</li>
				<li>True</li>
				<li>True</li>
				<li>True</li>
				<li>True</li>
				<li>True</li>
				<li>True</li>
				<li>True</li>
				<li>True</li>
				<li>True</li>
				<li>True</li>
				<li>True</li>
				<li>True</li>
				<li>True</li>
				<li>True</li>
				<li>True</li>
				<li>True</li>
				<li>True</li>
				<li>True</li>
				<li>False</li>
				<li>True</li>
				<li>True</li>
				<li>True</li>
				<li>True</li>
				<li>True</li>
				<li>True</li>
				<li>True</li>
				<li>True</li>
				<li>True</li>
				<li>True</li>
				<li>True</li>
				<li>True</li>
				<li>True</li>
				<li>True</li>
				<li>True</li>
				<li>True</li>
				<li>False</li>
				<li>False</li>
				<li>True</li>
				<li>True</li>
				<li>True</li>
				<li>True</li>
				<li>True</li>
				<li>True</li>
				<li>True</li>
				<li>True</li>
				<li>True</li>
				<li>True</li>
				<li>True</li>
			</values>
		</incidentsStatus>
		<incidentsOccurence>
			<keys>
				<li>WastepackInfestation</li>
				<li>ResourcePodCrash</li>
				<li>PsychicSoothe</li>
				<li>SelfTame</li>
				<li>AmbrosiaSprout</li>
				<li>FarmAnimalsWanderIn</li>
				<li>WandererJoin</li>
				<li>RefugeePodCrash</li>
				<li>ThrumboPasses</li>
				<li>RansomDemand</li>
				<li>MeteoriteImpact</li>
				<li>HerdMigration</li>
				<li>WildManWandersIn</li>
				<li>PsychicDrone</li>
				<li>ToxicFallout</li>
				<li>VolcanicWinter</li>
				<li>HeatWave</li>
				<li>ColdSnap</li>
				<li>Flashstorm</li>
				<li>ShortCircuit</li>
				<li>CropBlight</li>
				<li>Alphabeavers</li>
				<li>ShipChunkDrop</li>
				<li>OrbitalTraderArrival</li>
				<li>TraderCaravanArrival</li>
				<li>VisitorGroup</li>
				<li>TravelerGroup</li>
				<li>RaidFriendly</li>
				<li>RaidEnemy</li>
				<li>Infestation</li>
				<li>DeepDrillInfestation</li>
				<li>ManhunterPack</li>
				<li>DefoliatorShipPartCrash</li>
				<li>PsychicEmanatorShipPartCrash</li>
				<li>AnimalInsanityMass</li>
				<li>AnimalInsanitySingle</li>
				<li>Eclipse</li>
				<li>SolarFlare</li>
				<li>Aurora</li>
				<li>AmbrosiaAnimalsLGE</li>
				<li>NewSettlementLGE</li>
				<li>RG_DevilDusts</li>
				<li>WandererJoinAbasia</li>
				<li>VEE_WandererJoinsTraitor</li>
				<li>VEE_Drought</li>
				<li>VEE_SpaceBattle</li>
				<li>VEE_MeteoriteShower</li>
				<li>VEE_AnimalPodCrash</li>
				<li>VEE_ShuttleCrash</li>
				<li>VEE_Earthquake</li>
				<li>VEE_Cargopodsweapons</li>
				<li>VEE_Cargopodsapparel</li>
				<li>VEE_CaravanAnimalsWanderIn</li>
				<li>VEE_CropSprout</li>
				<li>VEE_BattleAnimalsWanderIn</li>
				<li>VEE_WildMenWanderIn</li>
				<li>VEE_HuntingParty</li>
				<li>VEE_IceAge</li>
				<li>VEE_GlobalWarming</li>
				<li>VEE_PsychicRain</li>
				<li>VEE_LongNight</li>
				<li>VEE_PsychicBloom</li>
				<li>ProtectionFee</li>
				<li>ProtectionFeeLTS</li>
				<li>VFEV_SlaverRaid</li>
				<li>VFEV_PillageRaid</li>
				<li>VME_JunkChunkDrop</li>
				<li>VSIE_OneNightStand</li>
				<li>VFED_PropagandaDrop</li>
				<li>VFED_Raid_Absolver</li>
			</keys>
			<values>
				<li>0.01</li>
				<li>1</li>
				<li>1</li>
				<li>1</li>
				<li>1</li>
				<li>0.4</li>
				<li>0.4</li>
				<li>1.5</li>
				<li>0.7</li>
				<li>2</li>
				<li>0.5</li>
				<li>1</li>
				<li>1</li>
				<li>1</li>
				<li>0.12</li>
				<li>0.08</li>
				<li>1</li>
				<li>1</li>
				<li>0.4</li>
				<li>1</li>
				<li>0.3</li>
				<li>0.5</li>
				<li>3</li>
				<li>3</li>
				<li>4</li>
				<li>4</li>
				<li>4</li>
				<li>3</li>
				<li>7.4</li>
				<li>2.7</li>
				<li>1</li>
				<li>2</li>
				<li>2</li>
				<li>2</li>
				<li>1.3</li>
				<li>5</li>
				<li>1.5</li>
				<li>0.16</li>
				<li>1.2</li>
				<li>0.7</li>
				<li>0.6</li>
				<li>0.8</li>
				<li>0.4</li>
				<li>0.4</li>
				<li>0.15</li>
				<li>0.3</li>
				<li>0.4</li>
				<li>2</li>
				<li>0.5</li>
				<li>0.3</li>
				<li>2</li>
				<li>0.08</li>
				<li>0.8</li>
				<li>0.35</li>
				<li>0.25</li>
				<li>0.5</li>
				<li>0.45</li>
				<li>0.04</li>
				<li>0.04</li>
				<li>0.04</li>
				<li>0.04</li>
				<li>0.04</li>
				<li>0.5</li>
				<li>1</li>
				<li>0.3</li>
				<li>0.3</li>
				<li>2</li>
				<li>0.01</li>
				<li>0.5</li>
				<li>7.4</li>
			</values>
		</incidentsOccurence>
		<incidentsOccurenceForReset>
			<keys>
				<li>WastepackInfestation</li>
				<li>ResourcePodCrash</li>
				<li>PsychicSoothe</li>
				<li>SelfTame</li>
				<li>AmbrosiaSprout</li>
				<li>FarmAnimalsWanderIn</li>
				<li>WandererJoin</li>
				<li>RefugeePodCrash</li>
				<li>ThrumboPasses</li>
				<li>RansomDemand</li>
				<li>MeteoriteImpact</li>
				<li>HerdMigration</li>
				<li>WildManWandersIn</li>
				<li>PsychicDrone</li>
				<li>ToxicFallout</li>
				<li>VolcanicWinter</li>
				<li>HeatWave</li>
				<li>ColdSnap</li>
				<li>Flashstorm</li>
				<li>ShortCircuit</li>
				<li>CropBlight</li>
				<li>Alphabeavers</li>
				<li>ShipChunkDrop</li>
				<li>OrbitalTraderArrival</li>
				<li>TraderCaravanArrival</li>
				<li>VisitorGroup</li>
				<li>TravelerGroup</li>
				<li>RaidFriendly</li>
				<li>RaidEnemy</li>
				<li>Infestation</li>
				<li>DeepDrillInfestation</li>
				<li>ManhunterPack</li>
				<li>DefoliatorShipPartCrash</li>
				<li>PsychicEmanatorShipPartCrash</li>
				<li>AnimalInsanityMass</li>
				<li>AnimalInsanitySingle</li>
				<li>Eclipse</li>
				<li>SolarFlare</li>
				<li>Aurora</li>
				<li>AmbrosiaAnimalsLGE</li>
				<li>NewSettlementLGE</li>
				<li>RG_DevilDusts</li>
				<li>WandererJoinAbasia</li>
				<li>VEE_WandererJoinsTraitor</li>
				<li>VEE_Drought</li>
				<li>VEE_SpaceBattle</li>
				<li>VEE_MeteoriteShower</li>
				<li>VEE_AnimalPodCrash</li>
				<li>VEE_ShuttleCrash</li>
				<li>VEE_Earthquake</li>
				<li>VEE_Cargopodsweapons</li>
				<li>VEE_Cargopodsapparel</li>
				<li>VEE_CaravanAnimalsWanderIn</li>
				<li>VEE_CropSprout</li>
				<li>VEE_BattleAnimalsWanderIn</li>
				<li>VEE_WildMenWanderIn</li>
				<li>VEE_HuntingParty</li>
				<li>VEE_IceAge</li>
				<li>VEE_GlobalWarming</li>
				<li>VEE_PsychicRain</li>
				<li>VEE_LongNight</li>
				<li>VEE_PsychicBloom</li>
				<li>ProtectionFee</li>
				<li>ProtectionFeeLTS</li>
				<li>VFEV_SlaverRaid</li>
				<li>VFEV_PillageRaid</li>
				<li>VME_JunkChunkDrop</li>
				<li>VSIE_OneNightStand</li>
				<li>VFED_PropagandaDrop</li>
				<li>VFED_Raid_Absolver</li>
			</keys>
			<values>
				<li>0.012</li>
				<li>1</li>
				<li>1</li>
				<li>1</li>
				<li>1</li>
				<li>0.4</li>
				<li>0.4</li>
				<li>1.5</li>
				<li>0.7</li>
				<li>2</li>
				<li>0.5</li>
				<li>1</li>
				<li>1</li>
				<li>1</li>
				<li>0.12</li>
				<li>0.08</li>
				<li>1</li>
				<li>1</li>
				<li>0.4</li>
				<li>1</li>
				<li>0.3</li>
				<li>0.5</li>
				<li>3</li>
				<li>3</li>
				<li>4</li>
				<li>4</li>
				<li>4</li>
				<li>3</li>
				<li>7.4</li>
				<li>2.7</li>
				<li>1</li>
				<li>2</li>
				<li>2</li>
				<li>2</li>
				<li>1.3</li>
				<li>5</li>
				<li>1.5</li>
				<li>1.3</li>
				<li>1.2</li>
				<li>0.7</li>
				<li>0.6</li>
				<li>0.8</li>
				<li>0.4</li>
				<li>0.4</li>
				<li>0.15</li>
				<li>0.3</li>
				<li>0.4</li>
				<li>2</li>
				<li>0.5</li>
				<li>0.3</li>
				<li>2</li>
				<li>2</li>
				<li>0.8</li>
				<li>0.35</li>
				<li>0.25</li>
				<li>0.5</li>
				<li>0.45</li>
				<li>0.04</li>
				<li>0.04</li>
				<li>0.04</li>
				<li>0.04</li>
				<li>0.04</li>
				<li>0.5</li>
				<li>1</li>
				<li>0.3</li>
				<li>0.3</li>
				<li>2</li>
				<li>0.01</li>
				<li>0.5</li>
				<li>7.4</li>
			</values>
		</incidentsOccurenceForReset>
	</ModSettings>
</SettingsBlock>