﻿<?xml version="1.0" encoding="utf-8"?>
<SettingsBlock>
	<ModSettings Class="PerformanceFish.FishSettings">
		<AccessToolsCaching.AllTypes />
		<GenLocalDateCaching.DayTickByThing_Patch />
		<GenLocalDateCaching.DayTickByMap_Patch />
		<RecipeDefCaching.AllRecipeUsers_Patch />
		<MassUtilityCaching.InventoryMass_Patch />
		<MassUtilityCaching.GearMass_Patch />
		<MeditationUtilityCaching.PsyfocusGainPerTick />
		<RoomOptimizations.Role_Patch />
		<RoomOptimizations.ContainedBeds_Patch />
		<RoomOptimizations.ContainedAndAdjacentThings_Patch />
		<RoomOptimizations.Regions_Patch />
		<RoomOptimizations.Owners_Patch />
		<RoomOptimizations.RoomAt_Patch />
		<StoreUtilityPatches.IsInValidBestStorage_Patch />
		<ThingCompCaching.CompAssignableToPawn_Bed_Patch />
		<ThoughtWorker_Precept_AltarSharingOptimization.SharedAltar_Patch />
		<UtilityPatches.FinalizeInit_Patch />
		<UtilityPatches.ClearAllMapsAndWorld_Patch />
		<System.EqualityComparerOptimization.Optimization />
		<ThingFilterPatches.SetAllow_Patch />
		<ThingFilterPatches.SetDisallowAll_Patch />
		<ThingFilterPatches.SetAllowAll_Patch />
		<ThingFilterPatches.CopyAllowancesFrom_Patch />
		<ThingFilterPatches.BestThingRequest_Patch />
		<ThingFilterPatches.AllowedThingDefs_Patch />
		<ThingFilterPatches.AllStorableThingDefs_Patch />
		<MiscOptimizations.CompRottable />
		<MiscOptimizations.RitualObligationTrigger_Date />
		<MiscOptimizations.DrawBatch_Flush />
		<MiscOptimizations.ReportProbablyMissingAttributesFix />
		<MiscOptimizations.WindManager_WindManagerTick />
		<Listers.Mergeables.Check_Patch />
		<Listers.Mergeables.TryRemove_Patch />
		<Listers.Mergeables.CheckAdd_Patch />
		<Listers.Buildings.AllBuildingsNonColonistOfDef_Patch />
		<Listers.Buildings.ColonistsHaveBuilding_Patch />
		<Listers.Buildings.ColonistsHaveResearchBench_Patch />
		<Listers.Buildings.ColonistsHaveBuildingWithPowerOn_Patch />
		<Listers.Buildings.Map_Patch />
		<Listers.Buildings.AllBuildingsColonistOfDef_Patch />
		<Listers.Misc.Building_Destroy_Patch />
		<JobSystem.DisabledWorkTypesOptimization.PawnGetDisabledWorkTypes />
		<JobSystem.JobGiver_HaulOptimization.PotentialWorkThingsGlobal_Patch />
		<Listers.StorageSettingsPatches.AllowedToAccept_Patch />
		<Listers.StorageSettingsPatches.TryNotifyChanged_Patch />
		<Listers.Things.ThingsMatching_Patch />
		<Hediffs.HediffComp_PsychicHarmonizer_Bugfix.CompPostTick_Patch />
		<Hediffs.HediffSetCaching.DirtyCache />
		<Hediffs.ImmunityHandlerCaching.NeededImmunitiesNow />
		<Hediffs.ImmunityHandlerCaching.TryAddImmunityRecord />
		<Hediffs.ImmunityHandlerCaching.ImmunityRecordExists />
		<Hediffs.Pawn_PsychicEntropyTrackerOptimization.Psylink_Patch />
		<JobSystem.WorkGiver_HaulOptimization.PotentialWorkThingsGlobal_Patch />
		<JobSystem.WorkGiver_MergeOptimization.JobOnThing_Patch />
		<JobSystem.WorkGiver_DoBillOptimization.TryFindBestIngredientsHelper_Patch />
		<JobSystem.WorkGiver_DoBillOptimization.TryFindBestIngredientsHelper_InnerDelegate_Patch />
		<JobSystem.WorkGiver_DoBillOptimization.TryFindBestIngredientsInSet_NoMixHelper_Patch />
		<Listers.Haulables.ListerHaulablesTick_Patch />
		<Listers.Haulables.TryRemove_Patch />
		<Listers.Haulables.Check_Patch />
		<Listers.Haulables.CheckAdd_Patch />
		<Listers.Haulables.MapPreTick_Patch />
		<System.ReflectionCaching.FieldInfoPatches.GetValue_Patch />
		<System.ReflectionCaching.TypePatches.GetField_Patch />
		<System.ReflectionCaching.MonoCustomAttrs.GetCustomAttributes />
		<System.ReflectionCaching.MethodBasePatches.Invoke_Patch />
		<System.ReflectionCaching.ActivatorPatches.CreateInstance_Type />
		<System.ReflectionCaching.FieldInfoPatches.SetValue_Patch />
		<System.ReflectionCaching.TypePatches.GetMethodWithFlags_Patch />
		<System.ReflectionCaching.TypePatches.GetMethodWithTypes_Patch />
		<System.ReflectionCaching.TypePatches.GetMethodWithFlagsAndTypes_Patch />
		<System.ReflectionCaching.TypePatches.GetConstructor_Patch />
		<System.ReflectionCaching.TypePatches.GetProperty_Patch />
		<System.ReflectionCaching.TypePatches.GetFullName />
		<ModCompatibility.VanillaExpandedFixes.ExpandableGraphicData />
		<ContentFinderCaching.Get_Patch />
		<ThingOwnerUtilityPreCaching.GetAllThingsRecursively_Patch />
		<Planet.MothballOptimization.WorldPawnsDefPreventingMothball />
		<TextureLoadingPatches.ModContentLoader_LoadItem />
		<TextureLoadingPatches.ModContentLoader_LoadTexture />
		<TextureLoadingPatches.GetAllFilesForModPatch />
		<TextureLoadingPatches.ModContentLoader_StaticConstructor />
		<UtilityPrepatches.CreateModClassesPatch />
		<UtilityPrepatches.ThingDestroy />
		<GenTypesPatches.AllSubclassesNonAbstract />
		<GenTypesPatches.AllTypesWithAttribute />
		<GenTypesPatches.AllSubclasses />
		<GenTypesPatches.AllTypes />
		<Hediffs.HediffSetPrecaching.GetFirstHediffOfDef />
		<Hediffs.HediffSetPrecaching.GetNotMissingParts />
		<Hediffs.HediffSetPrecaching.HasHediff />
		<IdeoUtilityCaching.GetStyleDominance_Patch />
		<LogPatches.ClassPatch />
		<MiscPrepatchedOptimizations.GenList_ListFullCopy />
		<MiscPrepatchedOptimizations.GenCollection_FirstOrDefault />
		<GetCompCaching.WorldObjectCompPatch />
		<GetCompCaching.ThingCompPatch />
		<GetCompCaching.AbilityCompPatch />
		<GetCompCaching.HediffCompPropsPatch />
		<GetCompCaching.WorldComponentPatch />
		<GetCompCaching.HediffCompPatch />
		<GetCompCaching.GameComponentPatch />
		<GetCompCaching.MapComponentPatch />
		<GeneTrackerOptimization.GeneTrackerTickPatch />
		<Planet.WorldObjectsOptimization.WorldObjectsHolderTickPatch />
		<Planet.WorldPawnGCOptimization.WorldPawnGCTickPatch />
		<Planet.WorldPawnGCOptimization.AddRelationshipsPatch />
		<Planet.WorldPawnGCOptimization.CancelGCPassPatch />
		<Planet.WorldPawnGCOptimization.GetCriticalPawnReasonPatch />
		<Planet.WorldPawnsOptimization.AllPawnsAlivePatch />
		<Planet.WorldPawnsOptimization.AllPawnsAliveOrDeadPatch />
	</ModSettings>
</SettingsBlock>