﻿<?xml version="1.0" encoding="utf-8"?>
<SettingsBlock>
	<ModSettings Class="DressForTheWeather.DressForTheWeatherSettings">
		<RaidersComePrepared>True</RaidersComePrepared>
		<ApparelFilter>
			<disallowedSpecialFilters />
			<allowedDefs>
				<li>VFEM_Apparel_Tabard</li>
				<li>VFEM_Apparel_JesterOutfit</li>
				<li>VFEM_Apparel_DameDress</li>
				<li>VFEM_Apparel_KingsRobes</li>
				<li>Apparel_FSFurCoat</li>
				<li>Apparel_FSDesertRobe</li>
				<li>Apparel_Vest</li>
				<li>Apparel_GreatDress</li>
				<li>Apparel_TribalCape</li>
				<li>Apparel_TribalCloak</li>
				<li>Apparel_TribalFurCloak</li>
				<li>River_Tribal_mittens</li>
				<li>River_Tribal_sandals</li>
				<li>River_Tribal_moccasins</li>
				<li>River_Tribal_mukluks</li>
				<li>VFEV_Apparel_JarlCape</li>
				<li>VFEV_Apparel_RoyalFurCoat</li>
				<li>VFEC_Toga</li>
				<li>VAE_Apparel_CasualTShirt</li>
				<li>VAE_Apparel_Hoodie</li>
				<li>VAE_Apparel_Shorts</li>
				<li>VAE_Apparel_Skirt</li>
				<li>VAE_Apparel_ShirtandTie</li>
				<li>VAE_Apparel_SuitJacket</li>
				<li>VAE_Apparel_Trousers</li>
				<li>VAE_Apparel_Overalls</li>
				<li>VAE_Apparel_FleeceShirt</li>
				<li>VAE_Apparel_Jeans</li>
				<li>VAE_Apparel_MilitaryJacket</li>
				<li>VAE_Apparel_MilitaryUniform</li>
				<li>VAE_Apparel_LabCoat</li>
				<li>VAE_Apparel_TankTop</li>
				<li>VAE_Apparel_SheriffShirt</li>
				<li>VAE_Apparel_Jumpsuit</li>
				<li>VAE_Apparel_Tunic</li>
				<li>VAE_Apparel_Blouse</li>
				<li>VAE_Apparel_Apron</li>
				<li>VAE_Apparel_PeltCoat</li>
				<li>VAE_Apparel_TribalPoncho</li>
				<li>VAE_Apparel_TribalKilt</li>
				<li>Apparel_CowboyHat</li>
				<li>Apparel_BowlerHat</li>
				<li>Apparel_TribalHeaddress</li>
				<li>Apparel_Tuque</li>
				<li>Apparel_WarMask</li>
				<li>Apparel_WarVeil</li>
				<li>Apparel_PsychicFoilHelmet</li>
				<li>Apparel_HatHood</li>
				<li>Apparel_PsyfocusHelmet</li>
				<li>Apparel_EltexSkullcap</li>
				<li>Apparel_Headwrap</li>
				<li>Apparel_Broadwrap</li>
				<li>Apparel_VisageMask</li>
				<li>Apparel_Slicecap</li>
				<li>Apparel_Collar</li>
				<li>Apparel_AuthorityCap</li>
				<li>Apparel_Tailcap</li>
				<li>Apparel_Shadecone</li>
				<li>Apparel_Flophat</li>
				<li>Apparel_TortureCrown</li>
				<li>Apparel_Blindfold</li>
				<li>Apparel_AirwireHeadset</li>
				<li>Apparel_ArrayHeadset</li>
				<li>Apparel_GasMask</li>
				<li>Apparel_ClothMask</li>
				<li>AM_Apparel_Eyepatch</li>
				<li>VFEM_Apparel_JesterHat</li>
				<li>VFEM_Apparel_DameHat</li>
				<li>VFEM_Apparel_KingsCrown</li>
				<li>VFEM_Apparel_PlagueMask</li>
				<li>Apparel_FSFurHat</li>
				<li>Apparel_FSDesertWrap</li>
				<li>ET_Apparel_WolfHood</li>
				<li>ET_Apparel_DeerHood</li>
				<li>ET_Apparel_ScarabHood</li>
				<li>ET_Apparel_SpiderHelm</li>
				<li>ET_Apparel_SpelHelm</li>
				<li>ROMB_Apparel_SkullMask</li>
				<li>VFES_Headgear_Bandana</li>
				<li>VFES_Headgear_Sombrero</li>
				<li>VFES_Headgear_FlatCap</li>
				<li>VFEE_Apparel_TechfriarCrown</li>
				<li>VFEE_Apparel_AbsolverHelmet</li>
				<li>VFEE_Apparel_DeserterHelmet</li>
				<li>VFEV_MooseHeaddress</li>
				<li>VFEV_BearHeaddress</li>
				<li>VFEV_JarlCrown</li>
				<li>VAE_Headgear_Balaclava</li>
				<li>Bedouin_Kufiya</li>
				<li>Bedouin_Hijab</li>
				<li>VAE_Headgear_Fedora</li>
				<li>VAE_Headgear_Scarf</li>
				<li>VAE_Headgear_Beret</li>
				<li>VAE_Headgear_Hardhat</li>
				<li>VAE_Headgear_SurgicalMask</li>
				<li>VAE_Headgear_BaseballCap</li>
				<li>VAE_Headgear_Sunglasses</li>
				<li>VAE_Headgear_Glasses</li>
				<li>VAE_Headgear_ChefsToque</li>
				<li>Apparel_Cape</li>
				<li>Apparel_ShirtRuffle</li>
				<li>Apparel_Corset</li>
				<li>Apparel_VestRoyal</li>
				<li>Apparel_RobeRoyal</li>
				<li>VFE_Apparel_StellicRobe</li>
				<li>Apparel_HatLadies</li>
				<li>Apparel_HatTop</li>
				<li>Apparel_Coronet</li>
				<li>Apparel_Crown</li>
				<li>Apparel_CrownStellic</li>
				<li>Apparel_Beret</li>
				<li>VFEC_Wreath</li>
				<li>Apparel_TribalA</li>
				<li>Apparel_Parka</li>
				<li>Apparel_Pants</li>
				<li>Apparel_BasicShirt</li>
				<li>Apparel_CollarShirt</li>
				<li>Apparel_Duster</li>
				<li>Apparel_Jacket</li>
				<li>Apparel_PsyfocusShirt</li>
				<li>Apparel_PsyfocusVest</li>
				<li>Apparel_PsyfocusRobe</li>
				<li>Apparel_BodyStrap</li>
				<li>Apparel_Burka</li>
				<li>Apparel_Robe</li>
				<li>Apparel_KidRomper</li>
				<li>Apparel_KidShirt</li>
				<li>Apparel_KidPants</li>
				<li>Apparel_KidParka</li>
				<li>Apparel_KidTribal</li>
				<li>Apparel_Bandolier</li>
				<li>Apparel_Sash</li>
				<li>VFET_Apparel_TribalLight</li>
				<li>VFET_Apparel_TribalHeavy</li>
				<li>VFET_Apparel_TribalWar</li>
				<li>VFEM_Shield_Kite</li>
				<li>VFEM_Shield_Heater</li>
				<li>VFEV_Shield_Round</li>
				<li>VFEV_Shield_Crypto</li>
				<li>VFEC_Shield_Heavy</li>
				<li>Apparel_AnimalScarf</li>
				<li>Apparel_AnimalReins</li>
				<li>Apparel_AnimalClothes</li>
				<li>Apparel_AnimalFlakArmor</li>
				<li>Apparel_AnimalAdvancedHelmet</li>
				<li>Apparel_AnimalPlateArmor</li>
				<li>Apparel_AnimalPlateHelmet</li>
				<li>Apparel_AnimalPowerArmor</li>
				<li>Apparel_AnimalPowerArmorHelmet</li>
				<li>Apparel_SmallAnimalScarf</li>
				<li>Apparel_LargeAnimalScarf</li>
				<li>Apparel_SmallAnimalClothes</li>
				<li>Apparel_LargeAnimalClothes</li>
				<li>Apparel_SmallAnimalFlakArmor</li>
				<li>Apparel_LargeAnimalFlakArmor</li>
				<li>Apparel_SmallAnimalAdvancedHelmet</li>
				<li>Apparel_LargeAnimalAdvancedHelmet</li>
				<li>Apparel_SmallAnimalPlateArmor</li>
				<li>Apparel_LargeAnimalPlateArmor</li>
				<li>Apparel_SmallAnimalPlateHelmet</li>
				<li>Apparel_LargeAnimalPlateHelmet</li>
				<li>Apparel_bridle</li>
				<li>Apparel_SmallAnimalPowerArmor</li>
				<li>Apparel_LargeAnimalPowerArmor</li>
				<li>Apparel_SmallAnimalPowerArmorHelmet</li>
				<li>Apparel_LargeAnimalPowerArmorHelmet</li>
				<li>Jewelry_Necklace</li>
				<li>Jewelry_Necklace_Silver</li>
				<li>Jewelry_Ring</li>
				<li>Jewelry_Ring_Silver</li>
				<li>Jewelry_Bracelet</li>
				<li>Jewelry_Bracelet_Silver</li>
				<li>Jewelry_Earring</li>
				<li>Jewelry_Earring_Silver</li>
				<li>Jewelry_PsychicNecklace_Silver</li>
				<li>Jewelry_PsychicNecklace</li>
				<li>Jewelry_EltexRing</li>
				<li>Jewelry_EltexRing_Silver</li>
				<li>Jewelry_EltexEarring</li>
				<li>Jewelry_EltexEarring_Silver</li>
				<li>Jewelry_EltexBracelet</li>
				<li>Jewelry_EltexBracelet_Silver</li>
				<li>VAE_Footwear_PlateBoots</li>
				<li>VAE_Footwear_MarineBoots</li>
				<li>VAE_Handwear_PlateGloves</li>
				<li>VAE_Handwear_MarineGloves</li>
				<li>VAE_Footwear_Boots</li>
				<li>VAE_Footwear_Shoes</li>
				<li>VAE_Handwear_Gloves</li>
				<li>LTS_KitSmall</li>
				<li>LTS_KitMedium</li>
				<li>LTS_KitLarge</li>
			</allowedDefs>
			<allowedHitPointsPercents>0~1</allowedHitPointsPercents>
			<allowedQualityLevels>Awful~Legendary</allowedQualityLevels>
		</ApparelFilter>
		<ReplaceableFilter>
			<disallowedSpecialFilters />
			<allowedDefs>
				<li>VFEM_Apparel_Tabard</li>
				<li>VFEM_Apparel_JesterOutfit</li>
				<li>VFEM_Apparel_DameDress</li>
				<li>VFEM_Apparel_KingsRobes</li>
				<li>Apparel_FSFurCoat</li>
				<li>Apparel_Vest</li>
				<li>Apparel_GreatDress</li>
				<li>Apparel_TribalCape</li>
				<li>Apparel_TribalCloak</li>
				<li>Apparel_TribalFurCloak</li>
				<li>River_Tribal_mittens</li>
				<li>River_Tribal_sandals</li>
				<li>River_Tribal_moccasins</li>
				<li>River_Tribal_mukluks</li>
				<li>VFEV_Apparel_JarlCape</li>
				<li>VFEV_Apparel_RoyalFurCoat</li>
				<li>VFEC_Toga</li>
				<li>VAE_Apparel_CasualTShirt</li>
				<li>VAE_Apparel_Hoodie</li>
				<li>VAE_Apparel_Shorts</li>
				<li>VAE_Apparel_Skirt</li>
				<li>VAE_Apparel_ShirtandTie</li>
				<li>VAE_Apparel_SuitJacket</li>
				<li>VAE_Apparel_Trousers</li>
				<li>VAE_Apparel_Overalls</li>
				<li>VAE_Apparel_FleeceShirt</li>
				<li>VAE_Apparel_Jeans</li>
				<li>VAE_Apparel_MilitaryJacket</li>
				<li>VAE_Apparel_MilitaryUniform</li>
				<li>VAE_Apparel_BuildersJacket</li>
				<li>VAE_Apparel_DoctorScrubs</li>
				<li>VAE_Apparel_LabCoat</li>
				<li>VAE_Apparel_TankTop</li>
				<li>VAE_Apparel_SheriffShirt</li>
				<li>VAE_Apparel_Jumpsuit</li>
				<li>VAE_Apparel_Tunic</li>
				<li>VAE_Apparel_Blouse</li>
				<li>VAE_Apparel_Apron</li>
				<li>VAE_Apparel_PeltCoat</li>
				<li>VAE_Apparel_TribalPoncho</li>
				<li>VAE_Apparel_TribalKilt</li>
				<li>Apparel_CowboyHat</li>
				<li>Apparel_BowlerHat</li>
				<li>Apparel_TribalHeaddress</li>
				<li>Apparel_Tuque</li>
				<li>Apparel_WarMask</li>
				<li>Apparel_WarVeil</li>
				<li>Apparel_PsychicFoilHelmet</li>
				<li>Apparel_HatHood</li>
				<li>Apparel_PsyfocusHelmet</li>
				<li>Apparel_EltexSkullcap</li>
				<li>Apparel_Headwrap</li>
				<li>Apparel_Broadwrap</li>
				<li>Apparel_VisageMask</li>
				<li>Apparel_Slicecap</li>
				<li>Apparel_Collar</li>
				<li>Apparel_AuthorityCap</li>
				<li>Apparel_Tailcap</li>
				<li>Apparel_Shadecone</li>
				<li>Apparel_Flophat</li>
				<li>Apparel_TortureCrown</li>
				<li>Apparel_Blindfold</li>
				<li>Apparel_AirwireHeadset</li>
				<li>Apparel_ArrayHeadset</li>
				<li>Apparel_ClothMask</li>
				<li>AM_Apparel_Eyepatch</li>
				<li>VFEM_Apparel_JesterHat</li>
				<li>VFEM_Apparel_DameHat</li>
				<li>VFEM_Apparel_KingsCrown</li>
				<li>VFEM_Apparel_PlagueMask</li>
				<li>Apparel_FSFurHat</li>
				<li>Apparel_FSDesertWrap</li>
				<li>ET_Apparel_WolfHood</li>
				<li>ET_Apparel_DeerHood</li>
				<li>ET_Apparel_ScarabHood</li>
				<li>ET_Apparel_SpiderHelm</li>
				<li>ET_Apparel_SpelHelm</li>
				<li>ROMB_Apparel_SkullMask</li>
				<li>VFES_Headgear_Bandana</li>
				<li>VFES_Headgear_Sombrero</li>
				<li>VFES_Headgear_FlatCap</li>
				<li>VFEE_Apparel_TechfriarCrown</li>
				<li>VFEE_Apparel_AbsolverHelmet</li>
				<li>VFEE_Apparel_DeserterHelmet</li>
				<li>VFEV_MooseHeaddress</li>
				<li>VFEV_BearHeaddress</li>
				<li>VFEV_JarlCrown</li>
				<li>VAE_Headgear_Balaclava</li>
				<li>Bedouin_Kufiya</li>
				<li>Bedouin_Hijab</li>
				<li>VAE_Headgear_Fedora</li>
				<li>VAE_Headgear_Scarf</li>
				<li>VAE_Headgear_Beret</li>
				<li>VAE_Headgear_Hardhat</li>
				<li>VAE_Headgear_SurgicalMask</li>
				<li>VAE_Headgear_BaseballCap</li>
				<li>VAE_Headgear_Sunglasses</li>
				<li>VAE_Headgear_Glasses</li>
				<li>VAE_Headgear_ChefsToque</li>
				<li>Apparel_FlakJacket</li>
				<li>Apparel_FlakPants</li>
				<li>Apparel_FlakVest</li>
				<li>Apparel_SimpleHelmet</li>
				<li>Apparel_AdvancedHelmet</li>
				<li>Apparel_HatLadies</li>
				<li>Apparel_HatTop</li>
				<li>Apparel_Coronet</li>
				<li>Apparel_Crown</li>
				<li>Apparel_CrownStellic</li>
				<li>Apparel_Beret</li>
				<li>VFEC_Wreath</li>
				<li>Apparel_TribalA</li>
				<li>Apparel_Parka</li>
				<li>Apparel_Pants</li>
				<li>Apparel_BasicShirt</li>
				<li>Apparel_CollarShirt</li>
				<li>Apparel_Duster</li>
				<li>Apparel_Jacket</li>
				<li>Apparel_PsyfocusShirt</li>
				<li>Apparel_PsyfocusVest</li>
				<li>Apparel_PsyfocusRobe</li>
				<li>Apparel_BodyStrap</li>
				<li>Apparel_Burka</li>
				<li>Apparel_Robe</li>
				<li>Apparel_KidRomper</li>
				<li>Apparel_KidShirt</li>
				<li>Apparel_KidPants</li>
				<li>Apparel_KidParka</li>
				<li>Apparel_KidTribal</li>
				<li>Apparel_Bandolier</li>
				<li>Apparel_Sash</li>
				<li>VFET_Apparel_TribalLight</li>
				<li>VFET_Apparel_TribalHeavy</li>
				<li>VFET_Apparel_TribalWar</li>
				<li>VFEM_Shield_Kite</li>
				<li>VFEM_Shield_Heater</li>
				<li>VFEV_Shield_Round</li>
				<li>VFEV_Shield_Crypto</li>
				<li>VFEC_Shield_Heavy</li>
				<li>Apparel_AnimalScarf</li>
				<li>Apparel_AnimalReins</li>
				<li>Apparel_AnimalClothes</li>
				<li>Apparel_AnimalFlakArmor</li>
				<li>Apparel_AnimalAdvancedHelmet</li>
				<li>Apparel_AnimalPlateArmor</li>
				<li>Apparel_AnimalPlateHelmet</li>
				<li>Apparel_AnimalPowerArmor</li>
				<li>Apparel_AnimalPowerArmorHelmet</li>
				<li>Apparel_SmallAnimalScarf</li>
				<li>Apparel_LargeAnimalScarf</li>
				<li>Apparel_SmallAnimalClothes</li>
				<li>Apparel_LargeAnimalClothes</li>
				<li>Apparel_SmallAnimalFlakArmor</li>
				<li>Apparel_LargeAnimalFlakArmor</li>
				<li>Apparel_SmallAnimalAdvancedHelmet</li>
				<li>Apparel_LargeAnimalAdvancedHelmet</li>
				<li>Apparel_SmallAnimalPlateArmor</li>
				<li>Apparel_LargeAnimalPlateArmor</li>
				<li>Apparel_SmallAnimalPlateHelmet</li>
				<li>Apparel_LargeAnimalPlateHelmet</li>
				<li>Apparel_bridle</li>
				<li>Apparel_SmallAnimalPowerArmor</li>
				<li>Apparel_LargeAnimalPowerArmor</li>
				<li>Apparel_SmallAnimalPowerArmorHelmet</li>
				<li>Apparel_LargeAnimalPowerArmorHelmet</li>
				<li>Jewelry_Necklace</li>
				<li>Jewelry_Necklace_Silver</li>
				<li>Jewelry_Ring</li>
				<li>Jewelry_Ring_Silver</li>
				<li>Jewelry_Bracelet</li>
				<li>Jewelry_Bracelet_Silver</li>
				<li>Jewelry_Earring</li>
				<li>Jewelry_Earring_Silver</li>
				<li>Jewelry_PsychicNecklace_Silver</li>
				<li>Jewelry_PsychicNecklace</li>
				<li>Jewelry_EltexRing</li>
				<li>Jewelry_EltexRing_Silver</li>
				<li>Jewelry_EltexEarring</li>
				<li>Jewelry_EltexEarring_Silver</li>
				<li>Jewelry_EltexBracelet</li>
				<li>Jewelry_EltexBracelet_Silver</li>
				<li>VAE_Footwear_PlateBoots</li>
				<li>VAE_Footwear_MarineBoots</li>
				<li>VAE_Handwear_PlateGloves</li>
				<li>VAE_Handwear_MarineGloves</li>
				<li>VAE_Footwear_Boots</li>
				<li>VAE_Footwear_Shoes</li>
				<li>VAE_Handwear_Gloves</li>
				<li>LTS_KitSmall</li>
				<li>LTS_KitMedium</li>
				<li>LTS_KitLarge</li>
			</allowedDefs>
			<allowedHitPointsPercents>0~1</allowedHitPointsPercents>
			<allowedQualityLevels>Awful~Legendary</allowedQualityLevels>
		</ReplaceableFilter>
	</ModSettings>
</SettingsBlock>