﻿<?xml version="1.0" encoding="utf-8"?>
<SettingsBlock>
	<ModSettings Class="VFECore.VFEGlobalSettings">
		<toggablePatch>
			<keys />
			<values />
		</toggablePatch>
		<disableCaching>False</disableCaching>
		<hideRandomizeButtons>False</hideRandomizeButtons>
		<weatherDamagesOptions>
			<keys>
				<li>RG_Hail</li>
			</keys>
			<values>
				<li>True</li>
			</values>
		</weatherDamagesOptions>
		<isRandomGraphic>True</isRandomGraphic>
		<hideRandomizeButton>False</hideRandomizeButton>
	</ModSettings>
</SettingsBlock>