﻿<?xml version="1.0" encoding="utf-8"?>
<SettingsBlock>
	<ModSettings Class="DynamicDiplomacy.NPCDiploModSettings">
		<repEnableDiplo>False</repEnableDiplo>
		<repEnableConquest>False</repEnableConquest>
		<repEnableExpansion>True</repEnableExpansion>
		<repAllowPerm>False</repAllowPerm>
		<repAllowDDConvert>False</repAllowDDConvert>
		<repAllowCloneFaction>True</repAllowCloneFaction>
		<repExcludeEmpire>True</repExcludeEmpire>
		<repExpansionRadius>10</repExpansionRadius>
	</ModSettings>
</SettingsBlock>