﻿<?xml version="1.0" encoding="utf-8"?>
<SettingsBlock>
	<ModSettings Class="HeavyWeapons.HeavyWeaponsSettings">
		<weaponStates>
			<keys>
				<li>VFEP_WarcasketGun_CryptoCannon</li>
				<li>VFEP_WarcasketMeleeWeapon_CombatKnife</li>
				<li>VFEP_WarcasketMeleeWeapon_Broadsword</li>
				<li>VFEP_WarcasketMeleeWeapon_GravityHammer</li>
				<li>VFEP_WarcasketGun_Autorifle</li>
				<li>VFEP_WarcasketGun_UraniumSlugRifle</li>
				<li>VFEP_WarcasketGun_Slugthrower</li>
				<li>VFEP_WarcasketGun_Minigun</li>
				<li>VFEP_WarcasketGun_GrenadeLauncher</li>
				<li>VFEP_WarcasketGun_HeavyFlamer</li>
				<li>VFEP_WarcasketGun_ChargeLance</li>
				<li>VFEP_WarcasketGun_HandheldCannon</li>
				<li>VFEP_WarcasketGun_ChargeBlaster</li>
			</keys>
			<values>
				<li>True</li>
				<li>True</li>
				<li>True</li>
				<li>True</li>
				<li>True</li>
				<li>True</li>
				<li>True</li>
				<li>True</li>
				<li>True</li>
				<li>True</li>
				<li>True</li>
				<li>True</li>
				<li>True</li>
			</values>
		</weaponStates>
		<weaponHPStates>
			<keys>
				<li>VFEP_WarcasketGun_CryptoCannon</li>
				<li>VFEP_WarcasketMeleeWeapon_CombatKnife</li>
				<li>VFEP_WarcasketMeleeWeapon_Broadsword</li>
				<li>VFEP_WarcasketMeleeWeapon_GravityHammer</li>
				<li>VFEP_WarcasketGun_Autorifle</li>
				<li>VFEP_WarcasketGun_UraniumSlugRifle</li>
				<li>VFEP_WarcasketGun_Slugthrower</li>
				<li>VFEP_WarcasketGun_Minigun</li>
				<li>VFEP_WarcasketGun_GrenadeLauncher</li>
				<li>VFEP_WarcasketGun_HeavyFlamer</li>
				<li>VFEP_WarcasketGun_ChargeLance</li>
				<li>VFEP_WarcasketGun_HandheldCannon</li>
				<li>VFEP_WarcasketGun_ChargeBlaster</li>
			</keys>
			<values>
				<li>0</li>
				<li>0</li>
				<li>0</li>
				<li>0</li>
				<li>0</li>
				<li>0</li>
				<li>0</li>
				<li>0</li>
				<li>0</li>
				<li>0</li>
				<li>0</li>
				<li>0</li>
				<li>0</li>
			</values>
		</weaponHPStates>
	</ModSettings>
</SettingsBlock>