﻿<?xml version="1.0" encoding="utf-8"?>
<SettingsBlock>
	<ModSettings Class="VanillaTraitsExpanded.TraitsSettings">
		<traitStates>
			<keys>
				<li>Nudist</li>
				<li>Bloodlust</li>
				<li>Kind</li>
				<li>Psychopath</li>
				<li>Cannibal</li>
				<li>Abrasive</li>
				<li>TooSmart</li>
				<li>Brawler</li>
				<li>Masochist</li>
				<li>NightOwl</li>
				<li>Greedy</li>
				<li>Jealous</li>
				<li>Ascetic</li>
				<li>Gay</li>
				<li>Bisexual</li>
				<li>Asexual</li>
				<li>AnnoyingVoice</li>
				<li>CreepyBreathing</li>
				<li>Pyromaniac</li>
				<li>Wimp</li>
				<li>Nimble</li>
				<li>FastLearner</li>
				<li>SlowLearner</li>
				<li>Undergrounder</li>
				<li>Transhumanist</li>
				<li>BodyPurist</li>
				<li>DislikesMen</li>
				<li>DislikesWomen</li>
				<li>GreatMemory</li>
				<li>Tough</li>
				<li>TorturedArtist</li>
				<li>Gourmand</li>
				<li>QuickSleeper</li>
				<li>SpeedOffset</li>
				<li>DrugDesire</li>
				<li>NaturalMood</li>
				<li>Nerves</li>
				<li>Neurotic</li>
				<li>Industriousness</li>
				<li>PsychicSensitivity</li>
				<li>ShootingAccuracy</li>
				<li>Beauty</li>
				<li>Immunity</li>
				<li>Delicate</li>
				<li>Recluse</li>
				<li>AM_Ahimsa</li>
				<li>Hygienic</li>
				<li>VCEF_Fisherman</li>
				<li>VME_Elder</li>
				<li>VTE_AbsentMinded</li>
				<li>VTE_Eccentric</li>
				<li>VTE_Perfectionist</li>
				<li>VTE_Coward</li>
				<li>VTE_Brave</li>
				<li>VTE_Clumsy</li>
				<li>VTE_HeatInclined</li>
				<li>VTE_ColdInclined</li>
				<li>VTE_HeavySleeper</li>
				<li>VTE_Neat</li>
				<li>VTE_Slob</li>
				<li>VTE_Workaholic</li>
				<li>VTE_IronStomach</li>
				<li>VTE_AnimalLover</li>
				<li>VTE_AnimalHater</li>
				<li>VTE_BigBoned</li>
				<li>VTE_Rebel</li>
				<li>VTE_Submissive</li>
				<li>VTE_Vengeful</li>
				<li>VTE_Technophobe</li>
				<li>VTE_FunLoving</li>
				<li>VTE_Dunce</li>
				<li>VTE_MartialArtist</li>
				<li>VTE_Snob</li>
				<li>VTE_Squeamish</li>
				<li>VTE_Anxious</li>
				<li>VTE_Insatiable</li>
				<li>VTE_Prude</li>
				<li>VTE_CouchPotato</li>
				<li>VTE_CatPerson</li>
				<li>VTE_DogPerson</li>
				<li>VTE_Prodigy</li>
				<li>VTE_Menagerist</li>
				<li>VTE_ChildOfSea</li>
				<li>VTE_ChildOfMountain</li>
				<li>VTE_MadSurgeon</li>
				<li>VTE_DrunkenMaster</li>
				<li>VTE_Kleptomaniac</li>
				<li>VTE_Stoner</li>
				<li>VTE_Lush</li>
				<li>VTE_Wanderlust</li>
				<li>VTE_Insomniac</li>
				<li>VTE_WorldWeary</li>
				<li>VTE_Desensitized</li>
				<li>VTE_RefinedPalate</li>
				<li>VTE_Academian</li>
				<li>VTE_Groundbreaker</li>
				<li>VTE_Gastronomist</li>
				<li>VTE_Ecologist</li>
				<li>VTE_Tycoon</li>
				<li>VTE_ThickSkinned</li>
				<li>VTE_ThinSkinned</li>
				<li>VTE_Schizoid</li>
				<li>Straight</li>
				<li>HeteroAce</li>
				<li>HomoAce</li>
				<li>BiAce</li>
				<li>Faithful</li>
				<li>Philanderer</li>
				<li>VFEP_WarcasketTrait</li>
				<li>VFEP_Shellcasket</li>
				<li>VRE_Flirty</li>
				<li>VRE_Distressed</li>
			</keys>
			<values>
				<li>True</li>
				<li>True</li>
				<li>True</li>
				<li>True</li>
				<li>True</li>
				<li>True</li>
				<li>True</li>
				<li>True</li>
				<li>True</li>
				<li>True</li>
				<li>True</li>
				<li>True</li>
				<li>True</li>
				<li>True</li>
				<li>True</li>
				<li>True</li>
				<li>True</li>
				<li>True</li>
				<li>True</li>
				<li>True</li>
				<li>True</li>
				<li>True</li>
				<li>True</li>
				<li>True</li>
				<li>True</li>
				<li>True</li>
				<li>True</li>
				<li>True</li>
				<li>True</li>
				<li>True</li>
				<li>True</li>
				<li>True</li>
				<li>True</li>
				<li>True</li>
				<li>True</li>
				<li>True</li>
				<li>True</li>
				<li>True</li>
				<li>True</li>
				<li>True</li>
				<li>True</li>
				<li>True</li>
				<li>True</li>
				<li>True</li>
				<li>True</li>
				<li>True</li>
				<li>True</li>
				<li>True</li>
				<li>True</li>
				<li>True</li>
				<li>True</li>
				<li>True</li>
				<li>True</li>
				<li>True</li>
				<li>True</li>
				<li>True</li>
				<li>True</li>
				<li>True</li>
				<li>True</li>
				<li>True</li>
				<li>True</li>
				<li>True</li>
				<li>True</li>
				<li>True</li>
				<li>True</li>
				<li>True</li>
				<li>True</li>
				<li>True</li>
				<li>True</li>
				<li>True</li>
				<li>True</li>
				<li>True</li>
				<li>True</li>
				<li>True</li>
				<li>True</li>
				<li>True</li>
				<li>True</li>
				<li>True</li>
				<li>True</li>
				<li>True</li>
				<li>True</li>
				<li>True</li>
				<li>True</li>
				<li>True</li>
				<li>True</li>
				<li>True</li>
				<li>True</li>
				<li>True</li>
				<li>True</li>
				<li>True</li>
				<li>True</li>
				<li>True</li>
				<li>True</li>
				<li>True</li>
				<li>True</li>
				<li>True</li>
				<li>True</li>
				<li>True</li>
				<li>True</li>
				<li>True</li>
				<li>True</li>
				<li>True</li>
				<li>True</li>
				<li>True</li>
				<li>True</li>
				<li>True</li>
				<li>True</li>
				<li>True</li>
				<li>True</li>
				<li>True</li>
				<li>True</li>
				<li>True</li>
			</values>
		</traitStates>
	</ModSettings>
</SettingsBlock>