﻿<?xml version="1.0" encoding="utf-8"?>
<SettingsBlock>
	<ModSettings Class="VFECore.VanillaShieldsExpandedSettings">
		<usableWithShieldsWeapons>
			<keys>
				<li>Beer</li>
				<li>ThrumboHorn</li>
				<li>ElephantTusk</li>
				<li>WoodLog</li>
				<li>MeleeWeapon_BreachAxe</li>
				<li>MeleeWeapon_Mace</li>
				<li>MeleeWeapon_Gladius</li>
				<li>MeleeWeapon_LongSword</li>
				<li>MeleeWeapon_Club</li>
				<li>MeleeWeapon_Knife</li>
				<li>MeleeWeapon_Ikwa</li>
				<li>MeleeWeapon_Spear</li>
				<li>Gun_Revolver</li>
				<li>Gun_Autopistol</li>
				<li>Gun_MachinePistol</li>
				<li>Gun_IncendiaryLauncher</li>
				<li>Gun_SmokeLauncher</li>
				<li>Gun_EmpLauncher</li>
				<li>Gun_BoltActionRifle</li>
				<li>Gun_PumpShotgun</li>
				<li>Gun_ChainShotgun</li>
				<li>Gun_HeavySMG</li>
				<li>Gun_LMG</li>
				<li>Gun_AssaultRifle</li>
				<li>Gun_SniperRifle</li>
				<li>Gun_Minigun</li>
				<li>Weapon_GrenadeFrag</li>
				<li>Weapon_GrenadeMolotov</li>
				<li>Weapon_GrenadeEMP</li>
				<li>Bow_Short</li>
				<li>Pila</li>
				<li>Bow_Recurve</li>
				<li>Bow_Great</li>
				<li>Gun_ChargeRifle</li>
				<li>Gun_ChargeLance</li>
				<li>MeleeWeapon_MonoSwordBladelink</li>
				<li>MeleeWeapon_ZeusHammerBladelink</li>
				<li>MeleeWeapon_PlasmaSwordBladelink</li>
				<li>MeleeWeapon_Axe</li>
				<li>MeleeWeapon_Warhammer</li>
				<li>MeleeWeapon_MonoSword</li>
				<li>MeleeWeapon_Zeushammer</li>
				<li>MeleeWeapon_PlasmaSword</li>
				<li>MeleeWeapon_PsyfocusStaff</li>
				<li>Gun_ToxbombLauncher</li>
				<li>Weapon_GrenadeTox</li>
				<li>Flamebow</li>
				<li>BotchJob_DivineOrderMace</li>
				<li>BotchJob_DivineOrderShortsword</li>
				<li>BotchJob_DivineOrderLongsword</li>
				<li>BotchJob_DivineOrderBattleStandard</li>
				<li>BotchJob_DivineOrderWarhammer</li>
				<li>BotchJob_DivineOrderGreatsword</li>
				<li>BotchJob_DivineOrderPistol</li>
				<li>BotchJob_DivineOrderCrossbow</li>
				<li>BotchJob_DivineOrderHandCrossbow</li>
				<li>BotchJob_DivineOrderCleansingConcoction</li>
				<li>VFET_Chunk</li>
				<li>VFET_Stake</li>
				<li>VFET_Throwspikes</li>
				<li>BoneItem</li>
				<li>RG_RawDevilsHole</li>
				<li>RG_RawColdSlaughterfish</li>
				<li>RG_RawWarmSlaughterfish</li>
				<li>VFEV_Mead</li>
				<li>VFEV_LothurrAntler</li>
				<li>VFE_MeleeWeapon_Seax</li>
				<li>VFE_MeleeWeapon_BeardedAxe</li>
				<li>VFE_MeleeWeapon_DaneAxe</li>
				<li>VFEV_CryptoHeavyAxe</li>
				<li>VFEV_CryptoLightAxe</li>
				<li>VFE_ThrowingAxe</li>
				<li>VFE_Harpoon</li>
				<li>VFEV_CryptoHeavyCrossbow</li>
				<li>VFEV_CryptoLightCrossbow</li>
				<li>VFEV_CryptoPistol</li>
				<li>VFEV_CryptoRifle</li>
				<li>Owl_WoodLog</li>
				<li>VFEC_MeleeWeapon_Spatha</li>
				<li>VFEC_MeleeWeapon_Dagger</li>
				<li>VFEC_Javelin</li>
				<li>VFEC_Weapon_Scorpion</li>
				<li>VWE_SmokeGrenade</li>
				<li>VWE_FlashGrenade</li>
				<li>VWE_MeleeWeapon_Shovel</li>
				<li>VWE_MeleeWeapon_Baton</li>
				<li>VWE_MeleeWeapon_CombatKnife</li>
				<li>VWE_MeleeWeapon_Hammer</li>
				<li>VWE_MeleeWeapon_BattleAxe</li>
				<li>VWE_MeleeWeapon_Halberd</li>
				<li>VWE_MeleeWeapon_Axe</li>
				<li>Gun_TripleRocket</li>
				<li>Gun_DoomsdayRocket</li>
				<li>VWE_Gun_RocketLauncher</li>
				<li>VWE_Bow_Compound</li>
				<li>VWE_Gun_HandCannon</li>
				<li>VWE_CombatHandgun</li>
				<li>VWE_SawedOffShotgun</li>
				<li>VWE_Gun_GrenadeLauncher</li>
				<li>VWE_Gun_Flamethrower</li>
				<li>VWE_Gun_FireExtinguisher</li>
				<li>VWE_Gun_SemiAutomaticRifle</li>
				<li>VWE_Gun_LeverActionRifle</li>
				<li>VWE_Gun_LightSMG</li>
				<li>VWE_Gun_SMG</li>
				<li>VWE_Gun_HMG</li>
				<li>VWE_Gun_ServiceRifle</li>
				<li>VWE_Gun_BattleRifle</li>
				<li>VWE_Gun_Carbine</li>
				<li>VWE_Gun_MarksmanRifle</li>
				<li>VWE_Gun_AntiMaterialRifle</li>
				<li>VWE_Bow_Crossbow</li>
				<li>VWE_Gun_Musket</li>
				<li>VWE_Gun_Flintlock</li>
				<li>VWE_Throwing_Knives</li>
				<li>VWE_Tool_Whip</li>
				<li>VWE_Throwing_Rocks</li>
				<li>VWE_Bow_Long</li>
				<li>VWE_Gun_ChargePistol</li>
				<li>VWE_Gun_ChargeShotgun</li>
				<li>VWE_Gun_ChargeSMG</li>
				<li>VWE_Gun_ChargeLMG</li>
				<li>VWE_Gun_ChargeSniperRifle</li>
				<li>VWE_Gun_ChargeMinigun</li>
				<li>VWE_Gun_ChargeRocketLauncher</li>
				<li>VFEM_Wine</li>
				<li>VFEM_MeleeWeapon_HeavyMace</li>
				<li>VFEM_Bow_HeavyCrossbow</li>
				<li>VWE_MeleeWeapon_HeavyClub</li>
				<li>VWE_MeleeWeapon_LightClub</li>
				<li>VWE_MeleeWeapon_TribalAxe</li>
				<li>VWE_MeleeWeapon_Shiv</li>
				<li>VWE_Sling</li>
				<li>VWE_Throwing_Shards</li>
				<li>VWE_Weapon_FireBomb</li>
				<li>UncompromisingTribalFaction_GreatFlamebow</li>
				<li>AEXP_WalrusTusk</li>
				<li>AEXP_RawFish</li>
				<li>VFE_Gun_Plasmacutter</li>
				<li>VFE_Gun_Plasmapiercer</li>
				<li>VFE_Gun_PlasmabeamRifle</li>
				<li>VFE_Gun_PlasmaScattergun</li>
				<li>VFE_Plasmasaw</li>
				<li>Gun_AntiArmor_Rocket</li>
				<li>VFES_Gun_DoubleActionRevolver</li>
				<li>VFES_Gun_DoubleBarreledShotgun</li>
				<li>VFES_Gun_HuntingRifle</li>
				<li>VFES_Weapon_GrenadeDynamite</li>
				<li>VFES_Tomahawk</li>
				<li>VFEE_MeleeWeapon_ToxbladeBladelink</li>
				<li>VFEE_MeleeWeapon_Toxblade</li>
				<li>VEE_Gun_Fletcher</li>
				<li>VFEE_Gun_ChargeThumper</li>
				<li>VFEP_WarcasketGun_CryptoCannon</li>
				<li>VFEP_Rum</li>
				<li>VFEP_WarcasketMeleeWeapon_CombatKnife</li>
				<li>VFEP_WarcasketMeleeWeapon_Broadsword</li>
				<li>VFEP_WarcasketMeleeWeapon_GravityHammer</li>
				<li>VFEP_WarcasketGun_Autorifle</li>
				<li>VFEP_WarcasketGun_UraniumSlugRifle</li>
				<li>VFEP_WarcasketGun_Slugthrower</li>
				<li>VFEP_WarcasketGun_Minigun</li>
				<li>VFEP_WarcasketGun_GrenadeLauncher</li>
				<li>VFEP_WarcasketGun_HeavyFlamer</li>
				<li>VFEP_WarcasketGun_ChargeLance</li>
				<li>VFEP_WarcasketGun_HandheldCannon</li>
				<li>VFEP_WarcasketGun_ChargeBlaster</li>
				<li>VWEFT_Gun_HeavyRevolver</li>
				<li>VWEFT_Gun_VolcanicPistol</li>
				<li>VWEFT_Gun_FrontierPistol</li>
				<li>VWEFT_Gun_RollingBlockRifle</li>
				<li>VWEFT_Gun_RepeatingShotgun</li>
				<li>VWE_Gun_MakeshiftPistol</li>
				<li>VWE_Gun_MakeshiftSMG</li>
				<li>VWE_Gun_MakeshiftRifle</li>
				<li>VWE_Gun_MakeshiftShotgun</li>
				<li>VWE_Gun_MakeshiftLMG</li>
				<li>K4G_MeleeWeapon_Sabre</li>
				<li>K4G_MeleeWeapon_Katana</li>
				<li>K4G_MeleeWeapon_Cleaver</li>
				<li>K4G_MeleeWeapon_Scimitar</li>
				<li>K4G_MeleeWeapon_Glaive</li>
				<li>K4G_MeleeWeapon_Baton</li>
				<li>K4G_Gun_Snubgun</li>
				<li>K4G_Gun_Bolter</li>
				<li>K4G_Gun_AdvancedAutopistol</li>
				<li>K4G_Gun_PrecisionPistol</li>
				<li>K4G_Gun_LongGun</li>
				<li>K4G_Gun_Carbiner</li>
				<li>K4G_Gun_DuneRifle</li>
				<li>K4G_Gun_HeavyShotgun</li>
				<li>K4G_Gun_LightSMG</li>
				<li>K4G_Gun_AdvancedSMG</li>
				<li>K4G_Gun_CompactRifle</li>
				<li>K4G_Gun_BattleRifle</li>
				<li>VFED_Gun_ChargeCycler</li>
				<li>VFED_Gun_Fletchling</li>
			</keys>
			<values>
				<li>True</li>
				<li>True</li>
				<li>True</li>
				<li>True</li>
				<li>False</li>
				<li>True</li>
				<li>True</li>
				<li>True</li>
				<li>True</li>
				<li>True</li>
				<li>True</li>
				<li>True</li>
				<li>True</li>
				<li>True</li>
				<li>True</li>
				<li>False</li>
				<li>False</li>
				<li>False</li>
				<li>False</li>
				<li>False</li>
				<li>False</li>
				<li>False</li>
				<li>False</li>
				<li>False</li>
				<li>False</li>
				<li>False</li>
				<li>True</li>
				<li>True</li>
				<li>True</li>
				<li>False</li>
				<li>True</li>
				<li>False</li>
				<li>False</li>
				<li>False</li>
				<li>False</li>
				<li>True</li>
				<li>False</li>
				<li>True</li>
				<li>True</li>
				<li>False</li>
				<li>True</li>
				<li>False</li>
				<li>True</li>
				<li>True</li>
				<li>False</li>
				<li>True</li>
				<li>False</li>
				<li>True</li>
				<li>True</li>
				<li>True</li>
				<li>False</li>
				<li>True</li>
				<li>False</li>
				<li>False</li>
				<li>False</li>
				<li>False</li>
				<li>False</li>
				<li>True</li>
				<li>True</li>
				<li>False</li>
				<li>True</li>
				<li>True</li>
				<li>True</li>
				<li>True</li>
				<li>True</li>
				<li>True</li>
				<li>True</li>
				<li>True</li>
				<li>False</li>
				<li>False</li>
				<li>True</li>
				<li>True</li>
				<li>True</li>
				<li>False</li>
				<li>True</li>
				<li>True</li>
				<li>False</li>
				<li>True</li>
				<li>True</li>
				<li>True</li>
				<li>True</li>
				<li>False</li>
				<li>True</li>
				<li>True</li>
				<li>True</li>
				<li>True</li>
				<li>True</li>
				<li>True</li>
				<li>False</li>
				<li>False</li>
				<li>True</li>
				<li>False</li>
				<li>False</li>
				<li>False</li>
				<li>False</li>
				<li>False</li>
				<li>True</li>
				<li>False</li>
				<li>False</li>
				<li>False</li>
				<li>False</li>
				<li>False</li>
				<li>False</li>
				<li>False</li>
				<li>False</li>
				<li>False</li>
				<li>False</li>
				<li>False</li>
				<li>False</li>
				<li>False</li>
				<li>False</li>
				<li>False</li>
				<li>False</li>
				<li>True</li>
				<li>True</li>
				<li>True</li>
				<li>True</li>
				<li>False</li>
				<li>True</li>
				<li>False</li>
				<li>False</li>
				<li>False</li>
				<li>False</li>
				<li>False</li>
				<li>False</li>
				<li>True</li>
				<li>True</li>
				<li>False</li>
				<li>False</li>
				<li>True</li>
				<li>True</li>
				<li>True</li>
				<li>False</li>
				<li>False</li>
				<li>True</li>
				<li>False</li>
				<li>True</li>
				<li>True</li>
				<li>False</li>
				<li>False</li>
				<li>False</li>
				<li>False</li>
				<li>True</li>
				<li>False</li>
				<li>False</li>
				<li>False</li>
				<li>False</li>
				<li>True</li>
				<li>False</li>
				<li>True</li>
				<li>True</li>
				<li>False</li>
				<li>False</li>
				<li>False</li>
				<li>True</li>
				<li>False</li>
				<li>False</li>
				<li>False</li>
				<li>False</li>
				<li>False</li>
				<li>False</li>
				<li>False</li>
				<li>False</li>
				<li>False</li>
				<li>False</li>
				<li>False</li>
				<li>False</li>
				<li>False</li>
				<li>False</li>
				<li>False</li>
				<li>False</li>
				<li>False</li>
				<li>False</li>
				<li>False</li>
				<li>False</li>
				<li>False</li>
				<li>False</li>
				<li>True</li>
				<li>True</li>
				<li>True</li>
				<li>True</li>
				<li>True</li>
				<li>True</li>
				<li>False</li>
				<li>False</li>
				<li>False</li>
				<li>False</li>
				<li>False</li>
				<li>False</li>
				<li>False</li>
				<li>False</li>
				<li>False</li>
				<li>False</li>
				<li>False</li>
				<li>False</li>
				<li>False</li>
				<li>False</li>
			</values>
		</usableWithShieldsWeapons>
	</ModSettings>
</SettingsBlock>