﻿<?xml version="1.0" encoding="utf-8"?>
<SettingsBlock>
	<ModSettings Class="XmlExtensions.XmlModBaseSettings">
		<dataDict>
			<keys>
				<li>FrozenSnowFox.FrozenSnowFoxTweaks;FSFBiodomeSunlamp</li>
				<li>FrozenSnowFox.FrozenSnowFoxTweaks;FSFCoagulateCanTargetSelf</li>
				<li>FrozenSnowFox.FrozenSnowFoxTweaks;FSFGrowthVatNoDefaultSettings</li>
				<li>FrozenSnowFox.FrozenSnowFoxTweaks;FSFImmortalMechanoidChips</li>
				<li>FrozenSnowFox.FrozenSnowFoxTweaks;FSFKilledAChildMalus</li>
				<li>FrozenSnowFox.FrozenSnowFoxTweaks;FSFLactatingNoFertilityMalus</li>
				<li>FrozenSnowFox.FrozenSnowFoxTweaks;FSFLargerGenebanksOn</li>
				<li>FrozenSnowFox.FrozenSnowFoxTweaks;FSFBiotechMechsOn</li>
				<li>FrozenSnowFox.FrozenSnowFoxTweaks;FSFMoreChildrenClothing</li>
				<li>FrozenSnowFox.FrozenSnowFoxTweaks;FSFMoreGenepacksOnTradersOn</li>
				<li>FrozenSnowFox.FrozenSnowFoxTweaks;FSFMoreTraderItemsPoluxSeedOn</li>
				<li>FrozenSnowFox.FrozenSnowFoxTweaks;FSFPollutionPumpsOn</li>
				<li>FrozenSnowFox.FrozenSnowFoxTweaks;FSFXenogeneRegrowTimeOn</li>
				<li>FrozenSnowFox.FrozenSnowFoxTweaks;FSFAllRolesAreCapable</li>
				<li>FrozenSnowFox.FrozenSnowFoxTweaks;FSFArchonexusRadius</li>
				<li>FrozenSnowFox.FrozenSnowFoxTweaks;FSFArtistsAreProductionSpecialists</li>
				<li>FrozenSnowFox.FrozenSnowFoxTweaks;FSFBerserkTranceNoMentalBreak</li>
				<li>FrozenSnowFox.FrozenSnowFoxTweaks;FSFMiningWorksiteResources</li>
				<li>FrozenSnowFox.FrozenSnowFoxTweaks;FSFBiosculpterPodRestoreAllBodyParts</li>
				<li>FrozenSnowFox.FrozenSnowFoxTweaks;FSFBiosculpterPodNoDefaultSettings</li>
				<li>FrozenSnowFox.FrozenSnowFoxTweaks;FSFConversionRitualEffectivenessOn</li>
				<li>FrozenSnowFox.FrozenSnowFoxTweaks;FSFEmbodiedTheistDeities</li>
				<li>FrozenSnowFox.FrozenSnowFoxTweaks;FSFMoreIdeologyColours</li>
				<li>FrozenSnowFox.FrozenSnowFoxTweaks;FSFNeuralSuperchargerCooldownOn</li>
				<li>FrozenSnowFox.FrozenSnowFoxTweaks;FSFNoAgeRestrictionForIdeologies</li>
				<li>FrozenSnowFox.FrozenSnowFoxTweaks;FSFPainIdealizedPainThreshold</li>
				<li>FrozenSnowFox.FrozenSnowFoxTweaks;FSFPeopleRequiredForRolesOn</li>
				<li>FrozenSnowFox.FrozenSnowFoxTweaks;FSFRaiderNoWorkSpeedMalus</li>
				<li>FrozenSnowFox.FrozenSnowFoxTweaks;FSFRanchingNoPlantMalus</li>
				<li>FrozenSnowFox.FrozenSnowFoxTweaks;FSFWearMasksWithHats</li>
				<li>FrozenSnowFox.FrozenSnowFoxTweaks;FSFBetterPawnLendingQuestOn</li>
				<li>FrozenSnowFox.FrozenSnowFoxTweaks;FSFBuyablePsychicStuffOn</li>
				<li>FrozenSnowFox.FrozenSnowFoxTweaks;FSFNoEmpireTradingPermit</li>
				<li>FrozenSnowFox.FrozenSnowFoxTweaks;FSFNormalFineCarpet</li>
				<li>FrozenSnowFox.FrozenSnowFoxTweaks;FSFRemoveTechprints</li>
				<li>FrozenSnowFox.FrozenSnowFoxTweaks;FSFAccurateMechDisassemblyOn</li>
				<li>FrozenSnowFox.FrozenSnowFoxTweaks;FSFAlwaysRefuelTurrets</li>
				<li>FrozenSnowFox.FrozenSnowFoxTweaks;FSFAnimalsDontEatRandomThings</li>
				<li>FrozenSnowFox.FrozenSnowFoxTweaks;FSFBedRestEffectivenessOn</li>
				<li>FrozenSnowFox.FrozenSnowFoxTweaks;FSFBetterQuestRewardsOn</li>
				<li>FrozenSnowFox.FrozenSnowFoxTweaks;FSFBiggerRiversOn</li>
				<li>FrozenSnowFox.FrozenSnowFoxTweaks;FSFEncounterMapAncientDangers</li>
				<li>FrozenSnowFox.FrozenSnowFoxTweaks;FSFEncounterMapResources</li>
				<li>FrozenSnowFox.FrozenSnowFoxTweaks;FSFFasterMoisturePumpsOn</li>
				<li>FrozenSnowFox.FrozenSnowFoxTweaks;FSFFilthVanishesWithRainAndTime</li>
				<li>FrozenSnowFox.FrozenSnowFoxTweaks;FSFFoodsAreSafe</li>
				<li>FrozenSnowFox.FrozenSnowFoxTweaks;FSFGrowableAmbrosia</li>
				<li>FrozenSnowFox.FrozenSnowFoxTweaks;FSFGrowableGrass</li>
				<li>FrozenSnowFox.FrozenSnowFoxTweaks;FSFGrowableMushrooms</li>
				<li>FrozenSnowFox.FrozenSnowFoxTweaks;FSFHarderDropPodRaids</li>
				<li>FrozenSnowFox.FrozenSnowFoxTweaks;FSFHerdMigrationOnAnyBiome</li>
				<li>FrozenSnowFox.FrozenSnowFoxTweaks;FSFImmortalPowerConduits</li>
				<li>FrozenSnowFox.FrozenSnowFoxTweaks;FSFImprovedVanometricPowerCellsOn</li>
				<li>FrozenSnowFox.FrozenSnowFoxTweaks;FSFIndoorTreeFarmsOn</li>
				<li>FrozenSnowFox.FrozenSnowFoxTweaks;FSFLessDesirableLongTermFood</li>
				<li>FrozenSnowFox.FrozenSnowFoxTweaks;FSFMoreQuestsOn</li>
				<li>FrozenSnowFox.FrozenSnowFoxTweaks;FSFNoDebuffForBanishing</li>
				<li>FrozenSnowFox.FrozenSnowFoxTweaks;FSFNoDefaultFungusInMeals</li>
				<li>FrozenSnowFox.FrozenSnowFoxTweaks;FSFNoDefaultStorageSettings</li>
				<li>FrozenSnowFox.FrozenSnowFoxTweaks;FSFNoHumanFilth</li>
				<li>FrozenSnowFox.FrozenSnowFoxTweaks;FSFNoImprovisedWeapons</li>
				<li>FrozenSnowFox.FrozenSnowFoxTweaks;FSFNoOneEverFlees</li>
				<li>FrozenSnowFox.FrozenSnowFoxTweaks;FSFNoStartingResearchOn</li>
				<li>FrozenSnowFox.FrozenSnowFoxTweaks;FSFQuestRewardPawnBios</li>
				<li>FrozenSnowFox.FrozenSnowFoxTweaks;FSFRandyFixes</li>
				<li>FrozenSnowFox.FrozenSnowFoxTweaks;FSFSealedPowerArmour</li>
				<li>FrozenSnowFox.FrozenSnowFoxTweaks;FSFStackableChunksOn</li>
				<li>FrozenSnowFox.FrozenSnowFoxTweaks;FSFTableSearchRadiusOn</li>
				<li>FrozenSnowFox.FrozenSnowFoxTweaks;FSFTidyCropTextures</li>
				<li>FrozenSnowFox.FrozenSnowFoxTweaks;FSFTribalPatchleather</li>
				<li>FrozenSnowFox.FrozenSnowFoxTweaks;FSFWaterMovementTweaksOn</li>
				<li>FrozenSnowFox.FrozenSnowFoxTweaks;FSFWaterMovementTweaksChestDeepImpassable</li>
				<li>FrozenSnowFox.FrozenSnowFoxTweaks;FSFWaterMovementTweaksShallowImpassable</li>
				<li>FrozenSnowFox.FrozenSnowFoxTweaks;FSFWaterMovementTweaksDeepPassable</li>
				<li>FrozenSnowFox.FrozenSnowFoxTweaks;FSFWildAnimalReproduction</li>
				<li>FrozenSnowFox.FrozenSnowFoxTweaks;FSFWolvesAreDogs</li>
				<li>FrozenSnowFox.FrozenSnowFoxTweaks;FSFYoungerPeople</li>
				<li>FrozenSnowFox.FrozenSnowFoxTweaks;FSFAccurateMechDisassemblyMaxEff</li>
				<li>FrozenSnowFox.FrozenSnowFoxTweaks;FSFAccurateMechDisassemblyBaseEff</li>
				<li>FrozenSnowFox.FrozenSnowFoxTweaks;FSFBedRestEffectivenessAwful</li>
				<li>FrozenSnowFox.FrozenSnowFoxTweaks;FSFBedRestEffectivenessPoor</li>
				<li>FrozenSnowFox.FrozenSnowFoxTweaks;FSFBedRestEffectivenessNormal</li>
				<li>FrozenSnowFox.FrozenSnowFoxTweaks;FSFBedRestEffectivenessGood</li>
				<li>FrozenSnowFox.FrozenSnowFoxTweaks;FSFBedRestEffectivenessExcellent</li>
				<li>FrozenSnowFox.FrozenSnowFoxTweaks;FSFBedRestEffectivenessMasterwork</li>
				<li>FrozenSnowFox.FrozenSnowFoxTweaks;FSFBedRestEffectivenessLegendary</li>
				<li>FrozenSnowFox.FrozenSnowFoxTweaks;FSFBetterQuestRewardsHyperweave</li>
				<li>FrozenSnowFox.FrozenSnowFoxTweaks;FSFBetterQuestRewardsJade</li>
				<li>FrozenSnowFox.FrozenSnowFoxTweaks;FSFBetterQuestRewardsSynthread</li>
				<li>FrozenSnowFox.FrozenSnowFoxTweaks;FSFBiggerRiversHugeRiver</li>
				<li>FrozenSnowFox.FrozenSnowFoxTweaks;FSFBiggerRiversLargeRiver</li>
				<li>FrozenSnowFox.FrozenSnowFoxTweaks;FSFBiggerRiversRiver</li>
				<li>FrozenSnowFox.FrozenSnowFoxTweaks;FSFBiggerRiversCreek</li>
				<li>FrozenSnowFox.FrozenSnowFoxTweaks;FSFFasterMoisturePumps</li>
				<li>FrozenSnowFox.FrozenSnowFoxTweaks;FSFImprovedVanometricPowerCells</li>
				<li>FrozenSnowFox.FrozenSnowFoxTweaks;FSFIndoorTreeFarmsAdjacentSow</li>
				<li>FrozenSnowFox.FrozenSnowFoxTweaks;FSFIndoorTreeFarmsRoof</li>
				<li>FrozenSnowFox.FrozenSnowFoxTweaks;FSFIndoorTreeFarmsWildToSow</li>
				<li>FrozenSnowFox.FrozenSnowFoxTweaks;FSFMoreQuestsonDays</li>
				<li>FrozenSnowFox.FrozenSnowFoxTweaks;FSFMoreQuestsnumIncidentsRange</li>
				<li>FrozenSnowFox.FrozenSnowFoxTweaks;FSFMoreQuestsminSpacingDays</li>
				<li>FrozenSnowFox.FrozenSnowFoxTweaks;FSFNoStartingResearchAll</li>
				<li>FrozenSnowFox.FrozenSnowFoxTweaks;FSFNoStartingResearchColony</li>
				<li>FrozenSnowFox.FrozenSnowFoxTweaks;FSFNoStartingResearchTribal</li>
				<li>FrozenSnowFox.FrozenSnowFoxTweaks;FSFStackableChunksRocks</li>
				<li>FrozenSnowFox.FrozenSnowFoxTweaks;FSFStackableChunksSlag</li>
				<li>FrozenSnowFox.FrozenSnowFoxTweaks;FSFTableSearchRadius</li>
				<li>FrozenSnowFox.FrozenSnowFoxTweaks;FSFWaterMovementTweaksShallowCost</li>
				<li>FrozenSnowFox.FrozenSnowFoxTweaks;FSFWaterMovementTweaksChestDeepCost</li>
				<li>FrozenSnowFox.FrozenSnowFoxTweaks;FSFWaterMovementTweaksDeepCost</li>
				<li>FrozenSnowFox.FrozenSnowFoxTweaks;FSFLargerGenebanks</li>
				<li>FrozenSnowFox.FrozenSnowFoxTweaks;FSFMechanoidRechargeWaste</li>
				<li>FrozenSnowFox.FrozenSnowFoxTweaks;FSFWastepackAtomizerPower</li>
				<li>FrozenSnowFox.FrozenSnowFoxTweaks;FSFWastepackAtomizerStackLimit</li>
				<li>FrozenSnowFox.FrozenSnowFoxTweaks;FSFWastepackAtomizerSpeed</li>
				<li>FrozenSnowFox.FrozenSnowFoxTweaks;FSFMoreGenepacksOnTradersGenepackMin</li>
				<li>FrozenSnowFox.FrozenSnowFoxTweaks;FSFMoreGenepacksOnTradersGenepackMax</li>
				<li>FrozenSnowFox.FrozenSnowFoxTweaks;FSFMoreGenepacksOnTradersArchiteCapulesMin</li>
				<li>FrozenSnowFox.FrozenSnowFoxTweaks;FSFMoreGenepacksOnTradersArchiteCapulesMax</li>
				<li>FrozenSnowFox.FrozenSnowFoxTweaks;FSFMoreTraderItemsPoluxSeedMin</li>
				<li>FrozenSnowFox.FrozenSnowFoxTweaks;FSFMoreTraderItemsPoluxSeedMax</li>
				<li>FrozenSnowFox.FrozenSnowFoxTweaks;FSFPollutionPumpsPower</li>
				<li>FrozenSnowFox.FrozenSnowFoxTweaks;FSFPollutionPumpsRadius</li>
				<li>FrozenSnowFox.FrozenSnowFoxTweaks;FSFPollutionPumpsWaste</li>
				<li>FrozenSnowFox.FrozenSnowFoxTweaks;FSFPollutionPumpsInterval</li>
				<li>FrozenSnowFox.FrozenSnowFoxTweaks;FSFXenogeneRegrowTimeMin</li>
				<li>FrozenSnowFox.FrozenSnowFoxTweaks;FSFXenogeneRegrowTimeMax</li>
				<li>FrozenSnowFox.FrozenSnowFoxTweaks;FSFConversionRitualCooldown</li>
				<li>FrozenSnowFox.FrozenSnowFoxTweaks;FSFConversionRETerribleChance</li>
				<li>FrozenSnowFox.FrozenSnowFoxTweaks;FSFConversionRETerribleCertainty</li>
				<li>FrozenSnowFox.FrozenSnowFoxTweaks;FSFConversionREIneffectiveChance</li>
				<li>FrozenSnowFox.FrozenSnowFoxTweaks;FSFConversionREIneffectiveCertainty</li>
				<li>FrozenSnowFox.FrozenSnowFoxTweaks;FSFConversionREEffectiveChance</li>
				<li>FrozenSnowFox.FrozenSnowFoxTweaks;FSFConversionREEffectiveCertainty</li>
				<li>FrozenSnowFox.FrozenSnowFoxTweaks;FSFConversionREMasterfulChance</li>
				<li>FrozenSnowFox.FrozenSnowFoxTweaks;FSFConversionREMasterfulCertainty</li>
				<li>FrozenSnowFox.FrozenSnowFoxTweaks;FSFNeuralSuperchargerCooldown</li>
				<li>FrozenSnowFox.FrozenSnowFoxTweaks;FSFPeopleRequiredForRolesNum</li>
				<li>FrozenSnowFox.FrozenSnowFoxTweaks;FSFBetterPawnLendingQuest</li>
				<li>FrozenSnowFox.FrozenSnowFoxTweaks;FSFBuyablePsychicStuffPsylinkMin</li>
				<li>FrozenSnowFox.FrozenSnowFoxTweaks;FSFBuyablePsychicStuffPsylinkMax</li>
				<li>FrozenSnowFox.FrozenSnowFoxTweaks;FSFBuyablePsychicStuffPsytrainerMin</li>
				<li>FrozenSnowFox.FrozenSnowFoxTweaks;FSFBuyablePsychicStuffPsytrainerMax</li>
				<li>FrozenSnowFox.FrozenSnowFoxTweaks;FSFBuyablePsychicStuffPsytrainerRangeMin</li>
				<li>FrozenSnowFox.FrozenSnowFoxTweaks;FSFBuyablePsychicStuffPsytrainerRangeMax</li>
				<li>FrozenSnowFox.FrozenSnowFoxTweaks;FSFUnlockFishingTraps</li>
				<li>FrozenSnowFox.FrozenSnowFoxTweaks;FSFTraitorScenarioSettingOn</li>
				<li>FrozenSnowFox.FrozenSnowFoxTweaks;FSFVCookEBulkCanningRecipes</li>
				<li>FrozenSnowFox.FrozenSnowFoxTweaks;FSFVCookENoRuinedGrills</li>
				<li>FrozenSnowFox.FrozenSnowFoxTweaks;FSFDubsBadHygieneImmortalPipes</li>
				<li>FrozenSnowFox.FrozenSnowFoxTweaks;FSFTraitorScenarioSettingMinTicks</li>
				<li>FrozenSnowFox.FrozenSnowFoxTweaks;FSFTraitorScenarioSettingMaxTicks</li>
				<li>FrozenSnowFox.FrozenSnowFoxTweaks;FSFVREHighmateHighLibidoLovinAbility</li>
				<li>FrozenSnowFox.FrozenSnowFoxTweaks;FSFVREHighmateInitiateLovinGeneOn</li>
				<li>FrozenSnowFox.FrozenSnowFoxTweaks;FSFVFEEDisguisedRebels</li>
				<li>FrozenSnowFox.FrozenSnowFoxTweaks;FSFSUFCheaperUtilitiesOn</li>
				<li>FrozenSnowFox.FrozenSnowFoxTweaks;FSFGrenadeBeltLayering</li>
				<li>FrozenSnowFox.FrozenSnowFoxTweaks;FSFSUFCheaperUtilitiesFridge</li>
				<li>FrozenSnowFox.FrozenSnowFoxTweaks;FSFSUFCheaperUtilitiesDoubleFridge</li>
				<li>FrozenSnowFox.FrozenSnowFoxTweaks;FSFVREHighmateInitiateLovinForEveryone</li>
				<li>FrozenSnowFox.FrozenSnowFoxTweaks;FSFLoveIsBlind</li>
				<li>FrozenSnowFox.FrozenSnowFoxTweaks;FSFAnimalsDontMineToEscape</li>
				<li>FrozenSnowFox.FrozenSnowFoxTweaks;FSFHarderEnvironmentalEvents</li>
				<li>FrozenSnowFox.FrozenSnowFoxTweaks;FSFVFEDesertersIntelNeverExpires</li>
				<li>FrozenSnowFox.FrozenSnowFoxTweaks;FSFVFEDesertersMoreContrabandItems</li>
				<li>FrozenSnowFox.FrozenSnowFoxTweaks;FSFMoreVariedRaidLoot</li>
				<li>humanPregnancyDuration;days</li>
				<li>humanPregnancyDuration;lactatingInDays</li>
				<li>FrozenSnowFox.FrozenSnowFoxTweaks;FSFAddXenotypesVenerated</li>
				<li>FrozenSnowFox.FrozenSnowFoxTweaks;FSFAddXenotypesOn</li>
				<li>FrozenSnowFox.FrozenSnowFoxTweaks;FSFMoreSlavesOn</li>
				<li>FrozenSnowFox.FrozenSnowFoxTweaks;FSFMoreSlavesMin</li>
				<li>FrozenSnowFox.FrozenSnowFoxTweaks;FSFMoreSlavesMax</li>
				<li>FrozenSnowFox.FrozenSnowFoxTweaks;FSFLTSAmmoCraftOn</li>
				<li>FrozenSnowFox.FrozenSnowFoxTweaks;FSFLTSAmmoCraftPrimitiveYield</li>
				<li>FrozenSnowFox.FrozenSnowFoxTweaks;FSFLTSAmmoCraftPrimitiveWork</li>
				<li>FrozenSnowFox.FrozenSnowFoxTweaks;FSFLTSAmmoCraftPrimitivePrice</li>
				<li>FrozenSnowFox.FrozenSnowFoxTweaks;FSFLTSAmmoCraftMedievalYield</li>
				<li>FrozenSnowFox.FrozenSnowFoxTweaks;FSFLTSAmmoCraftMedievalWork</li>
				<li>FrozenSnowFox.FrozenSnowFoxTweaks;FSFLTSAmmoCraftMedievalPrice</li>
				<li>FrozenSnowFox.FrozenSnowFoxTweaks;FSFLTSAmmoCraftIndustrialYield</li>
				<li>FrozenSnowFox.FrozenSnowFoxTweaks;FSFLTSAmmoCraftIndustrialWork</li>
				<li>FrozenSnowFox.FrozenSnowFoxTweaks;FSFLTSAmmoCraftIndustrialPrice</li>
				<li>FrozenSnowFox.FrozenSnowFoxTweaks;FSFLTSAmmoCraftSpacerYield</li>
				<li>FrozenSnowFox.FrozenSnowFoxTweaks;FSFLTSAmmoCraftSpacerWork</li>
				<li>FrozenSnowFox.FrozenSnowFoxTweaks;FSFLTSAmmoCraftSpacerPrice</li>
				<li>FrozenSnowFox.FrozenSnowFoxTweaks;FSFLTSAmmoCraftExplosiveYield</li>
				<li>FrozenSnowFox.FrozenSnowFoxTweaks;FSFLTSAmmoCraftExplosiveWork</li>
				<li>FrozenSnowFox.FrozenSnowFoxTweaks;FSFLTSAmmoCraftExplosivePrice</li>
			</keys>
			<values>
				<li>False</li>
				<li>False</li>
				<li>False</li>
				<li>False</li>
				<li>False</li>
				<li>False</li>
				<li>False</li>
				<li>False</li>
				<li>False</li>
				<li>False</li>
				<li>False</li>
				<li>False</li>
				<li>False</li>
				<li>True</li>
				<li>False</li>
				<li>True</li>
				<li>False</li>
				<li>False</li>
				<li>False</li>
				<li>False</li>
				<li>True</li>
				<li>True</li>
				<li>True</li>
				<li>False</li>
				<li>False</li>
				<li>True</li>
				<li>False</li>
				<li>False</li>
				<li>True</li>
				<li>True</li>
				<li>True</li>
				<li>False</li>
				<li>False</li>
				<li>True</li>
				<li>False</li>
				<li>False</li>
				<li>False</li>
				<li>False</li>
				<li>False</li>
				<li>False</li>
				<li>False</li>
				<li>False</li>
				<li>False</li>
				<li>False</li>
				<li>False</li>
				<li>False</li>
				<li>False</li>
				<li>False</li>
				<li>False</li>
				<li>False</li>
				<li>False</li>
				<li>False</li>
				<li>False</li>
				<li>False</li>
				<li>True</li>
				<li>False</li>
				<li>False</li>
				<li>True</li>
				<li>False</li>
				<li>False</li>
				<li>False</li>
				<li>False</li>
				<li>False</li>
				<li>False</li>
				<li>False</li>
				<li>True</li>
				<li>False</li>
				<li>False</li>
				<li>False</li>
				<li>True</li>
				<li>False</li>
				<li>False</li>
				<li>False</li>
				<li>False</li>
				<li>True</li>
				<li>False</li>
				<li>False</li>
				<li>1</li>
				<li>0.75</li>
				<li>0.86</li>
				<li>0.92</li>
				<li>1.00</li>
				<li>1.08</li>
				<li>1.14</li>
				<li>1.25</li>
				<li>1.60</li>
				<li>False</li>
				<li>False</li>
				<li>False</li>
				<li>30</li>
				<li>14</li>
				<li>6</li>
				<li>4</li>
				<li>60</li>
				<li>2.0</li>
				<li>false</li>
				<li>false</li>
				<li>false</li>
				<li>12</li>
				<li>2</li>
				<li>3</li>
				<li>false</li>
				<li>false</li>
				<li>false</li>
				<li>2</li>
				<li>3</li>
				<li>75</li>
				<li>30</li>
				<li>42</li>
				<li>300</li>
				<li>4</li>
				<li>5</li>
				<li>400</li>
				<li>10</li>
				<li>30000</li>
				<li>5</li>
				<li>6</li>
				<li>6</li>
				<li>7</li>
				<li>0</li>
				<li>1</li>
				<li>200</li>
				<li>10</li>
				<li>6</li>
				<li>15000</li>
				<li>6000000</li>
				<li>8400000</li>
				<li>480000</li>
				<li>0.05</li>
				<li>0.2</li>
				<li>0.15</li>
				<li>0.12</li>
				<li>0.65</li>
				<li>0.4</li>
				<li>0.15</li>
				<li>1</li>
				<li>60000</li>
				<li>3</li>
				<li>5</li>
				<li>1</li>
				<li>2</li>
				<li>9</li>
				<li>10</li>
				<li>1</li>
				<li>2</li>
				<li>False</li>
				<li>False</li>
				<li>True</li>
				<li>False</li>
				<li>False</li>
				<li>120000</li>
				<li>360000</li>
				<li>False</li>
				<li>False</li>
				<li>False</li>
				<li>False</li>
				<li>False</li>
				<li>80</li>
				<li>150</li>
				<li>false</li>
				<li>False</li>
				<li>False</li>
				<li>False</li>
				<li>False</li>
				<li>False</li>
				<li>False</li>
				<li>13</li>
				<li>7</li>
				<li>false</li>
				<li>False</li>
				<li>True</li>
				<li>6</li>
				<li>10</li>
				<li>False</li>
				<li>45</li>
				<li>400</li>
				<li>0.8</li>
				<li>23</li>
				<li>500</li>
				<li>0.8</li>
				<li>45</li>
				<li>600</li>
				<li>1.3</li>
				<li>30</li>
				<li>1300</li>
				<li>7.0</li>
				<li>30</li>
				<li>400</li>
				<li>2.8</li>
			</values>
		</dataDict>
		<PinnedMods />
		<trace>True</trace>
	</ModSettings>
</SettingsBlock>