﻿<?xml version="1.0" encoding="utf-8"?>
<SettingsBlock>
	<ModSettings Class="PerformanceOptimizer.PerformanceOptimizerSettings">
		<overviewLetterSent>True</overviewLetterSent>
		<optimizations>
			<li Class="PerformanceOptimizer.Watcher" />
			<li Class="PerformanceOptimizer.Optimization_Designator_CreateReverseDesignationGizmo" />
			<li Class="PerformanceOptimizer.Optimization_FormCaravanComp_AnyActiveThreatNow" />
			<li Class="PerformanceOptimizer.Optimization_Frame_WorkToBuild" />
			<li Class="PerformanceOptimizer.Optimization_GenCelestial_CurCelestialSunGlow" />
			<li Class="PerformanceOptimizer.Optimization_PawnUtility_IsInvisible" />
			<li Class="PerformanceOptimizer.Optimization_ForbidUtility_IsForbidden" />
			<li Class="PerformanceOptimizer.Optimization_PlantFallColors_GetFallColorFactor" />
			<li Class="PerformanceOptimizer.Optimization_Pawn_InteractionsTracker_CurrentSocialMode" />
			<li Class="PerformanceOptimizer.Optimization_HediffDef_PossibleToDevelopImmunityNaturally" />
			<li Class="PerformanceOptimizer.Optimization_StatWorker_MarketValue_CalculableRecipe" />
			<li Class="PerformanceOptimizer.Optimization_SkillRecord_LearnRateFactor" />
			<li Class="PerformanceOptimizer.Optimization_Precept_RoleSingle_RecacheActivity" />
			<li Class="PerformanceOptimizer.Optimization_Precept_RoleMulti_RecacheActivity" />
			<li Class="PerformanceOptimizer.Optimization_IdeoBuildingPresenceDemand_BuildingPresent" />
			<li Class="PerformanceOptimizer.Optimization_WorldGrid_LongLatOf" />
			<li Class="PerformanceOptimizer.Optimization_BuildCopyCommandUtility_FindAllowedDesignator" />
			<li Class="PerformanceOptimizer.Optimization_Building_Door_DoorRotationAt" />
			<li Class="PerformanceOptimizer.Optimization_IdeoUtility_GetStyleDominance" />
			<li Class="PerformanceOptimizer.Optimization_InspectGizmoGrid_DrawInspectGizmoGridFor" />
			<li Class="PerformanceOptimizer.Optimization_WindManager_WindManagerTick" />
			<li Class="PerformanceOptimizer.Optimization_Plant_TickLong" />
			<li Class="PerformanceOptimizer.Optimization_AlertsReadoutOnGUI_Prefix">
				<enabled>True</enabled>
			</li>
			<li Class="PerformanceOptimizer.Optimization_DoPlaySettings_DoPlaySettings" />
			<li Class="PerformanceOptimizer.Optimization_MainButtonsRoot_DoButtons" />
			<li Class="PerformanceOptimizer.Optimization_ResourceReadoutOnGUI" />
			<li Class="PerformanceOptimizer.Optimization_UIToggle" />
			<li Class="PerformanceOptimizer.Optimization_FasterGetCompReplacement" />
			<li Class="PerformanceOptimizer.Optimization_DisableSounds_Update" />
			<li Class="PerformanceOptimizer.Optimization_JobGiver_ConfigurableHostilityResponse" />
			<li Class="PerformanceOptimizer.Optimization_MentalBreaker_BreakThresholdExtreme" />
			<li Class="PerformanceOptimizer.Optimization_MentalBreaker_BreakThresholdMajor" />
			<li Class="PerformanceOptimizer.Optimization_MentalBreaker_BreakThresholdMinor" />
			<li Class="PerformanceOptimizer.Optimization_Need_Beauty_CurrentInstantBeauty" />
			<li Class="PerformanceOptimizer.Optimization_PawnCollisionPosOffsetFor" />
			<li Class="PerformanceOptimizer.Optimization_PawnUtility_IsTeetotaler" />
			<li Class="PerformanceOptimizer.Optimization_Pawn_DrawPos" />
			<li Class="PerformanceOptimizer.Optimization_QuestUtility_IsQuestLodger" />
			<li Class="PerformanceOptimizer.Optimization_ThoughtHandler_TotalMoodOffset" />
			<li Class="PerformanceOptimizer.Optimization_DoPlaySettings_DoTimespeedControls">
				<enabled>True</enabled>
				<hideSpeedButtons>True</hideSpeedButtons>
			</li>
		</optimizations>
	</ModSettings>
</SettingsBlock>