﻿<?xml version="1.0" encoding="utf-8"?>
<SettingsBlock>
	<ModSettings>
		<modSettingsPerModId>
			<keys>
				<li>regrowth.botr.core</li>
			</keys>
			<values>
				<li>
					<packageID>regrowth.botr.core</packageID>
					<patchOperationStates>
						<keys>
							<li>RG_NewWorldmapTextures</li>
							<li>RG_NewRockAtlasTextures</li>
							<li>RG_NewAnimalTextures</li>
							<li>RG_IncreaseVanillaPlantDensity</li>
							<li>RG_EnableAutumnLeavesSpawners</li>
							<li>RG_DisableHotspringMotes</li>
							<li>RG_DisableLavaFeatures</li>
							<li>RG_RealisticFactionPlacement</li>
							<li>RG_AnimaTreeReplant</li>
							<li>RG_GauranlenTreeReplant</li>
							<li>RG_PoluxTreeReplant</li>
						</keys>
						<values>
							<li>True</li>
							<li>True</li>
							<li>True</li>
							<li>True</li>
							<li>True</li>
							<li>False</li>
							<li>False</li>
							<li>True</li>
							<li>False</li>
							<li>False</li>
							<li>False</li>
						</values>
					</patchOperationStates>
					<patchOperationValues>
						<keys>
							<li>RG_BaseChanceBathingActivity</li>
							<li>RG_FallenLeafBeauty</li>
							<li>RG_FallenLeafBeautyOutdoor</li>
						</keys>
						<values>
							<li>2.5</li>
							<li>-4</li>
							<li>0</li>
						</values>
					</patchOperationValues>
					<workers>
						<keys>
							<li>ReGrowthCore.ReGrowthCore_WeatherStates</li>
						</keys>
						<values>
							<li Class="ReGrowthCore.ReGrowthCore_WeatherStates">
								<weatherDefStates>
									<keys>
										<li>RG_Overcast</li>
										<li>RG_Windy</li>
										<li>RG_Drizzle</li>
										<li>RG_Monsoon</li>
										<li>RG_Hail</li>
										<li>RG_FogStorm</li>
										<li>RG_FoggySnow</li>
										<li>RG_Blizzard</li>
										<li>RG_FoggySandstorm</li>
										<li>RG_SandStorm</li>
										<li>RG_SandStormHard</li>
									</keys>
									<values>
										<li>True</li>
										<li>True</li>
										<li>True</li>
										<li>True</li>
										<li>True</li>
										<li>True</li>
										<li>True</li>
										<li>True</li>
										<li>True</li>
										<li>True</li>
										<li>True</li>
									</values>
								</weatherDefStates>
							</li>
						</values>
					</workers>
				</li>
			</values>
		</modSettingsPerModId>
	</ModSettings>
</SettingsBlock>