﻿<?xml version="1.0" encoding="utf-8"?>
<SettingsBlock>
	<ModSettings Class="PeteTimesSix.SimpleSidearms.SimpleSidearms_Settings">
		<SettingsEverOpened>True</SettingsEverOpened>
		<ActivePreset>Custom</ActivePreset>
		<SeparateModes>True</SeparateModes>
		<LimitModeSingleMelee>Selection</LimitModeSingleMelee>
		<LimitModeAmountMelee>Slots</LimitModeAmountMelee>
		<LimitModeSingleRanged>Selection</LimitModeSingleRanged>
		<LimitModeAmountRanged>Slots</LimitModeAmountRanged>
		<LimitModeAmountTotal>Slots</LimitModeAmountTotal>
		<LimitModeSingle_RelativeMass>0.05428571</LimitModeSingle_RelativeMass>
		<LimitModeAmount_RelativeMass>0.2857143</LimitModeAmount_RelativeMass>
		<LimitModeSingleMelee_RelativeMass>0.04495747</LimitModeSingleMelee_RelativeMass>
		<LimitModeAmountMelee_RelativeMass>0.2857143</LimitModeAmountMelee_RelativeMass>
		<LimitModeSingleRanged_RelativeMass>0.07776428</LimitModeSingleRanged_RelativeMass>
		<LimitModeAmountRanged_RelativeMass>0.2857143</LimitModeAmountRanged_RelativeMass>
		<LimitModeAmountTotal_RelativeMass>0.2857143</LimitModeAmountTotal_RelativeMass>
		<LimitModeAmountTotal_Slots>3</LimitModeAmountTotal_Slots>
		<LimitModeSingle_Selection_defNames>
			<li>VFE_MeleeWeapon_DaneAxe</li>
			<li>VWE_MeleeWeapon_Shovel</li>
			<li>VFE_ThrowingAxe</li>
			<li>VFE_MeleeWeapon_BeardedAxe</li>
			<li>MeleeWeapon_Gladius</li>
			<li>VFE_MeleeWeapon_Seax</li>
			<li>MeleeWeapon_Axe</li>
			<li>VFES_Tomahawk</li>
			<li>MeleeWeapon_Mace</li>
			<li>VWE_MeleeWeapon_Baton</li>
			<li>VWE_MeleeWeapon_CombatKnife</li>
			<li>MeleeWeapon_BreachAxe</li>
			<li>MeleeWeapon_Ikwa</li>
			<li>VWE_Throwing_Knives</li>
			<li>VFEC_MeleeWeapon_Dagger</li>
			<li>VWE_MeleeWeapon_Axe</li>
			<li>MeleeWeapon_Knife</li>
			<li>VWE_MeleeWeapon_LightClub</li>
			<li>VWE_Throwing_Shards</li>
			<li>VWE_MeleeWeapon_Shiv</li>
			<li>MeleeWeapon_PsyfocusStaff</li>
			<li>VFED_Gun_ChargeCycler</li>
			<li>VWE_Gun_ChargePistol</li>
			<li>VFES_Weapon_GrenadeDynamite</li>
			<li>VWE_MeleeWeapon_TribalAxe</li>
			<li>Weapon_GrenadeEMP</li>
			<li>Weapon_GrenadeTox</li>
			<li>VWE_FlashGrenade</li>
			<li>Weapon_GrenadeFrag</li>
			<li>Weapon_GrenadeMolotov</li>
			<li>VWEFT_Gun_HeavyRevolver</li>
			<li>VWEFT_Gun_VolcanicPistol</li>
			<li>VWEFT_Gun_FrontierPistol</li>
			<li>VWE_Weapon_FireBomb</li>
			<li>VWE_SawedOffShotgun</li>
			<li>VWE_CombatHandgun</li>
			<li>VWE_Gun_Flintlock</li>
			<li>VFES_Gun_DoubleActionRevolver</li>
			<li>VWE_Bow_Compound</li>
			<li>Gun_Autopistol</li>
			<li>Gun_Revolver</li>
			<li>VWE_SmokeGrenade</li>
			<li>VWE_Tool_Whip</li>
			<li>ElephantTusk</li>
			<li>VWE_Gun_MakeshiftPistol</li>
			<li>Bow_Recurve</li>
			<li>Flamebow</li>
			<li>Bow_Short</li>
			<li>VWE_Sling</li>
			<li>Beer</li>
			<li>VFET_Stake</li>
			<li>WoodLog</li>
		</LimitModeSingle_Selection_defNames>
		<LimitModeSingleMelee_Selection_defNames>
			<li>VWE_MeleeWeapon_Shovel</li>
			<li>VFE_MeleeWeapon_BeardedAxe</li>
			<li>MeleeWeapon_Gladius</li>
			<li>VFE_MeleeWeapon_Seax</li>
			<li>MeleeWeapon_Axe</li>
			<li>MeleeWeapon_Mace</li>
			<li>VWE_MeleeWeapon_Baton</li>
			<li>VWE_MeleeWeapon_CombatKnife</li>
			<li>MeleeWeapon_Ikwa</li>
			<li>VFEC_MeleeWeapon_Dagger</li>
			<li>VWE_MeleeWeapon_Axe</li>
			<li>MeleeWeapon_Knife</li>
			<li>VWE_MeleeWeapon_LightClub</li>
			<li>VWE_MeleeWeapon_Shiv</li>
			<li>MeleeWeapon_PsyfocusStaff</li>
			<li>VWE_MeleeWeapon_TribalAxe</li>
			<li>ElephantTusk</li>
			<li>VFET_Stake</li>
		</LimitModeSingleMelee_Selection_defNames>
		<LimitModeSingleRanged_Selection_defNames>
			<li>VFE_ThrowingAxe</li>
			<li>VFES_Tomahawk</li>
			<li>VWE_Throwing_Knives</li>
			<li>VWE_Throwing_Shards</li>
			<li>VFEV_CryptoPistol</li>
			<li>VFED_Gun_ChargeCycler</li>
			<li>VWE_Gun_ChargePistol</li>
			<li>Weapon_GrenadeFrag</li>
			<li>VWEFT_Gun_HeavyRevolver</li>
			<li>Gun_MachinePistol</li>
			<li>VWEFT_Gun_VolcanicPistol</li>
			<li>VWEFT_Gun_FrontierPistol</li>
			<li>VWE_SawedOffShotgun</li>
			<li>VWE_CombatHandgun</li>
			<li>VWE_Gun_Flintlock</li>
			<li>VFES_Gun_DoubleActionRevolver</li>
			<li>VWE_Bow_Compound</li>
			<li>Gun_Autopistol</li>
			<li>VWE_Gun_HandCannon</li>
			<li>Gun_Revolver</li>
			<li>VWE_Tool_Whip</li>
			<li>VWE_Gun_MakeshiftSMG</li>
			<li>VWE_Gun_MakeshiftPistol</li>
			<li>Bow_Recurve</li>
			<li>Flamebow</li>
			<li>Bow_Short</li>
			<li>VFET_Throwspikes</li>
			<li>VWE_Sling</li>
		</LimitModeSingleRanged_Selection_defNames>
		<LimitModeSingle_Selection />
		<LimitModeSingleMelee_Selection />
		<LimitModeSingleRanged_Selection />
		<SkipDangerousWeapons>False</SkipDangerousWeapons>
		<FumbleRecoveryChance>
			<li>(0.00, 0.00)</li>
			<li>(2.00, 0.15)</li>
			<li>(5.00, 0.85)</li>
			<li>(7.00, 1.00)</li>
			<li>(20.00, 1.00)</li>
		</FumbleRecoveryChance>
		<ShowAlertsMissingSidearm>False</ShowAlertsMissingSidearm>
	</ModSettings>
</SettingsBlock>