﻿<?xml version="1.0" encoding="utf-8"?>
<SettingsBlock>
	<ModSettings Class="ShowHair.Settings">
		<Hats>
			<li>
				<defName>Apparel_CowboyHat</defName>
				<hideHat>ShowsHair</hideHat>
				<hideBed>HideHat</hideBed>
			</li>
			<li>
				<defName>Apparel_BowlerHat</defName>
				<hideHat>ShowsHair</hideHat>
				<hideBed>HideHat</hideBed>
			</li>
			<li>
				<defName>Apparel_TribalHeaddress</defName>
				<hideHat>ShowsHair</hideHat>
				<hideBed>HideHat</hideBed>
			</li>
			<li>
				<defName>Apparel_Tuque</defName>
				<hideHat>ShowsHair</hideHat>
				<hideBed>HideHat</hideBed>
			</li>
			<li>
				<defName>Apparel_WarMask</defName>
				<hideHat>ShowsHair</hideHat>
				<hideBed>HideHat</hideBed>
			</li>
			<li>
				<defName>Apparel_WarVeil</defName>
				<hideHat>ShowsHair</hideHat>
				<hideBed>HideHat</hideBed>
			</li>
			<li>
				<defName>Apparel_SimpleHelmet</defName>
				<hideHat>ShowsHair</hideHat>
				<hideBed>HideHat</hideBed>
			</li>
			<li>
				<defName>Apparel_AdvancedHelmet</defName>
				<hideHat>ShowsHair</hideHat>
				<hideBed>HideHat</hideBed>
			</li>
			<li>
				<defName>Apparel_PowerArmorHelmet</defName>
				<hideHat>ShowsHair</hideHat>
				<hideBed>HideHat</hideBed>
			</li>
			<li>
				<defName>Apparel_ArmorHelmetRecon</defName>
				<hideHat>ShowsHair</hideHat>
				<hideBed>HideHat</hideBed>
			</li>
			<li>
				<defName>Apparel_PsychicFoilHelmet</defName>
				<hideHat>ShowsHair</hideHat>
				<hideBed>HideHat</hideBed>
			</li>
			<li>
				<defName>Apparel_HatHood</defName>
				<hideHat>ShowsHair</hideHat>
				<hideBed>HideHat</hideBed>
			</li>
			<li>
				<defName>Apparel_PsyfocusHelmet</defName>
				<hideHat>ShowsHair</hideHat>
				<hideBed>HideHat</hideBed>
			</li>
			<li>
				<defName>Apparel_EltexSkullcap</defName>
				<hideHat>ShowsHair</hideHat>
				<hideBed>HideHat</hideBed>
			</li>
			<li>
				<defName>Apparel_HatLadies</defName>
				<hideHat>ShowsHair</hideHat>
				<hideBed>HideHat</hideBed>
			</li>
			<li>
				<defName>Apparel_HatTop</defName>
				<hideHat>ShowsHair</hideHat>
				<hideBed>HideHat</hideBed>
			</li>
			<li>
				<defName>Apparel_Coronet</defName>
				<hideHat>ShowsHair</hideHat>
				<hideBed>HideHat</hideBed>
			</li>
			<li>
				<defName>Apparel_Crown</defName>
				<hideHat>ShowsHair</hideHat>
				<hideBed>HideHat</hideBed>
			</li>
			<li>
				<defName>Apparel_CrownStellic</defName>
				<hideHat>ShowsHair</hideHat>
				<hideBed>HideHat</hideBed>
			</li>
			<li>
				<defName>Apparel_Beret</defName>
				<hideHat>ShowsHair</hideHat>
				<hideBed>HideHat</hideBed>
			</li>
			<li>
				<defName>Apparel_ArmorHelmetReconPrestige</defName>
				<hideHat>ShowsHair</hideHat>
				<hideBed>HideHat</hideBed>
			</li>
			<li>
				<defName>Apparel_ArmorMarineHelmetPrestige</defName>
				<hideHat>ShowsHair</hideHat>
				<hideBed>HideHat</hideBed>
			</li>
			<li>
				<defName>Apparel_ArmorHelmetCataphract</defName>
				<hideHat>ShowsHair</hideHat>
				<hideBed>HideHat</hideBed>
			</li>
			<li>
				<defName>Apparel_ArmorHelmetCataphractPrestige</defName>
				<hideHat>ShowsHair</hideHat>
				<hideBed>HideHat</hideBed>
			</li>
			<li>
				<defName>Apparel_Gunlink</defName>
				<hideHat>ShowsHair</hideHat>
				<hideBed>HideHat</hideBed>
			</li>
			<li>
				<defName>Apparel_Headwrap</defName>
				<hideHat>ShowsHair</hideHat>
				<hideBed>HideHat</hideBed>
			</li>
			<li>
				<defName>Apparel_Broadwrap</defName>
				<hideHat>ShowsHair</hideHat>
				<hideBed>HideHat</hideBed>
			</li>
			<li>
				<defName>Apparel_VisageMask</defName>
				<hideHat>ShowsHair</hideHat>
				<hideBed>HideHat</hideBed>
			</li>
			<li>
				<defName>Apparel_Slicecap</defName>
				<hideHat>ShowsHair</hideHat>
				<hideBed>HideHat</hideBed>
			</li>
			<li>
				<defName>Apparel_Collar</defName>
				<hideHat>ShowsHair</hideHat>
				<hideBed>HideHat</hideBed>
			</li>
			<li>
				<defName>Apparel_AuthorityCap</defName>
				<hideHat>ShowsHair</hideHat>
				<hideBed>HideHat</hideBed>
			</li>
			<li>
				<defName>Apparel_Tailcap</defName>
				<hideHat>ShowsHair</hideHat>
				<hideBed>HideHat</hideBed>
			</li>
			<li>
				<defName>Apparel_Shadecone</defName>
				<hideHat>ShowsHair</hideHat>
				<hideBed>HideHat</hideBed>
			</li>
			<li>
				<defName>Apparel_Flophat</defName>
				<hideHat>ShowsHair</hideHat>
				<hideBed>HideHat</hideBed>
			</li>
			<li>
				<defName>Apparel_Burka</defName>
				<hideHat>ShowsHair</hideHat>
				<hideBed>HideHat</hideBed>
			</li>
			<li>
				<defName>Apparel_TortureCrown</defName>
				<hideHat>ShowsHair</hideHat>
				<hideBed>HideHat</hideBed>
			</li>
			<li>
				<defName>Apparel_Blindfold</defName>
				<hideHat>ShowsHair</hideHat>
				<hideBed>HideHat</hideBed>
			</li>
			<li>
				<defName>Apparel_KidHelmet</defName>
				<hideHat>ShowsHair</hideHat>
				<hideBed>HideHat</hideBed>
			</li>
			<li>
				<defName>Apparel_AirwireHeadset</defName>
				<hideHat>ShowsHair</hideHat>
				<hideBed>HideHat</hideBed>
			</li>
			<li>
				<defName>Apparel_ArrayHeadset</defName>
				<hideHat>ShowsHair</hideHat>
				<hideBed>HideHat</hideBed>
			</li>
			<li>
				<defName>Apparel_IntegratorHeadset</defName>
				<hideHat>ShowsHair</hideHat>
				<hideBed>HideHat</hideBed>
			</li>
			<li>
				<defName>Apparel_ArmorHelmetMechCommander</defName>
				<hideHat>ShowsHair</hideHat>
				<hideBed>HideHat</hideBed>
			</li>
			<li>
				<defName>Apparel_ArmorHelmetMechlordHelmet</defName>
				<hideHat>ShowsHair</hideHat>
				<hideBed>HideHat</hideBed>
			</li>
			<li>
				<defName>Apparel_GasMask</defName>
				<hideHat>ShowsHair</hideHat>
				<hideBed>HideHat</hideBed>
			</li>
			<li>
				<defName>Apparel_ClothMask</defName>
				<hideHat>ShowsHair</hideHat>
				<hideBed>HideHat</hideBed>
			</li>
			<li>
				<defName>Apparel_AnimalScarf</defName>
				<hideHat>ShowsHair</hideHat>
				<hideBed>HideHat</hideBed>
			</li>
			<li>
				<defName>Apparel_AnimalAdvancedHelmet</defName>
				<hideHat>ShowsHair</hideHat>
				<hideBed>HideHat</hideBed>
			</li>
			<li>
				<defName>Apparel_AnimalPlateHelmet</defName>
				<hideHat>ShowsHair</hideHat>
				<hideBed>HideHat</hideBed>
			</li>
			<li>
				<defName>Apparel_AnimalPowerArmorHelmet</defName>
				<hideHat>ShowsHair</hideHat>
				<hideBed>HideHat</hideBed>
			</li>
			<li>
				<defName>Apparel_SmallAnimalScarf</defName>
				<hideHat>ShowsHair</hideHat>
				<hideBed>HideHat</hideBed>
			</li>
			<li>
				<defName>Apparel_LargeAnimalScarf</defName>
				<hideHat>ShowsHair</hideHat>
				<hideBed>HideHat</hideBed>
			</li>
			<li>
				<defName>Apparel_SmallAnimalAdvancedHelmet</defName>
				<hideHat>ShowsHair</hideHat>
				<hideBed>HideHat</hideBed>
			</li>
			<li>
				<defName>Apparel_LargeAnimalAdvancedHelmet</defName>
				<hideHat>ShowsHair</hideHat>
				<hideBed>HideHat</hideBed>
			</li>
			<li>
				<defName>Apparel_SmallAnimalPlateHelmet</defName>
				<hideHat>ShowsHair</hideHat>
				<hideBed>HideHat</hideBed>
			</li>
			<li>
				<defName>Apparel_LargeAnimalPlateHelmet</defName>
				<hideHat>ShowsHair</hideHat>
				<hideBed>HideHat</hideBed>
			</li>
			<li>
				<defName>Apparel_SmallAnimalPowerArmorHelmet</defName>
				<hideHat>ShowsHair</hideHat>
				<hideBed>HideHat</hideBed>
			</li>
			<li>
				<defName>Apparel_LargeAnimalPowerArmorHelmet</defName>
				<hideHat>ShowsHair</hideHat>
				<hideBed>HideHat</hideBed>
			</li>
			<li>
				<defName>VFEM_Apparel_PlateHelmetLight</defName>
				<hideHat>ShowsHair</hideHat>
				<hideBed>HideHat</hideBed>
			</li>
			<li>
				<defName>VFEM_Apparel_PlateHelmetHeavy</defName>
				<hideHat>ShowsHair</hideHat>
				<hideBed>HideHat</hideBed>
			</li>
			<li>
				<defName>VFEM_Apparel_JesterHat</defName>
				<hideHat>ShowsHair</hideHat>
				<hideBed>HideHat</hideBed>
			</li>
			<li>
				<defName>VFEM_Apparel_DameHat</defName>
				<hideHat>ShowsHair</hideHat>
				<hideBed>HideHat</hideBed>
			</li>
			<li>
				<defName>VFEM_Apparel_KingsCrown</defName>
				<hideHat>ShowsHair</hideHat>
				<hideBed>HideHat</hideBed>
			</li>
			<li>
				<defName>VFEM_Apparel_PlagueMask</defName>
				<hideHat>ShowsHair</hideHat>
				<hideBed>HideHat</hideBed>
			</li>
			<li>
				<defName>Apparel_FSFurHat</defName>
				<hideHat>ShowsHair</hideHat>
				<hideBed>HideHat</hideBed>
			</li>
			<li>
				<defName>Apparel_FSDesertWrap</defName>
				<hideHat>HidesAllHair</hideHat>
				<hideBed>HideHat</hideBed>
			</li>
			<li>
				<defName>ET_Apparel_WolfHood</defName>
				<hideHat>ShowsHair</hideHat>
				<hideBed>HideHat</hideBed>
			</li>
			<li>
				<defName>ET_Apparel_DeerHood</defName>
				<hideHat>ShowsHair</hideHat>
				<hideBed>HideHat</hideBed>
			</li>
			<li>
				<defName>ET_Apparel_ScarabHood</defName>
				<hideHat>ShowsHair</hideHat>
				<hideBed>HideHat</hideBed>
			</li>
			<li>
				<defName>ET_Apparel_SpiderHelm</defName>
				<hideHat>ShowsHair</hideHat>
				<hideBed>HideHat</hideBed>
			</li>
			<li>
				<defName>ET_Apparel_SpelHelm</defName>
				<hideHat>ShowsHair</hideHat>
				<hideBed>HideHat</hideBed>
			</li>
			<li>
				<defName>ROMB_Apparel_SkullMask</defName>
				<hideHat>ShowsHair</hideHat>
				<hideBed>HideHat</hideBed>
			</li>
			<li>
				<defName>VFES_Headgear_Bandana</defName>
				<hideHat>ShowsHair</hideHat>
				<hideBed>HideHat</hideBed>
			</li>
			<li>
				<defName>VFES_Headgear_Sombrero</defName>
				<hideHat>ShowsHair</hideHat>
				<hideBed>HideHat</hideBed>
			</li>
			<li>
				<defName>VFES_Headgear_FlatCap</defName>
				<hideHat>ShowsHair</hideHat>
				<hideBed>HideHat</hideBed>
			</li>
			<li>
				<defName>VFEE_Apparel_TechfriarCrown</defName>
				<hideHat>ShowsHair</hideHat>
				<hideBed>HideHat</hideBed>
			</li>
			<li>
				<defName>VFEE_Apparel_AbsolverHelmet</defName>
				<hideHat>ShowsHair</hideHat>
				<hideBed>HideHat</hideBed>
			</li>
			<li>
				<defName>VFEE_Apparel_DeserterHelmet</defName>
				<hideHat>ShowsHair</hideHat>
				<hideBed>HideHat</hideBed>
			</li>
			<li>
				<defName>VFEE_Apparel_JanissaryHelmet</defName>
				<hideHat>ShowsHair</hideHat>
				<hideBed>HideHat</hideBed>
			</li>
			<li>
				<defName>VFEP_WarcasketHelmet_Warcasket</defName>
				<hideHat>ShowsHair</hideHat>
				<hideBed>HideHat</hideBed>
			</li>
			<li>
				<defName>VFEP_WarcasketHelmet_Marine</defName>
				<hideHat>ShowsHair</hideHat>
				<hideBed>HideHat</hideBed>
			</li>
			<li>
				<defName>VFEP_WarcasketHelmet_Recon</defName>
				<hideHat>ShowsHair</hideHat>
				<hideBed>HideHat</hideBed>
			</li>
			<li>
				<defName>VFEP_WarcasketHelmet_Cataphract</defName>
				<hideHat>ShowsHair</hideHat>
				<hideBed>HideHat</hideBed>
			</li>
			<li>
				<defName>VFEP_WarcasketHelmet_Aerial</defName>
				<hideHat>ShowsHair</hideHat>
				<hideBed>HideHat</hideBed>
			</li>
			<li>
				<defName>VFEP_WarcasketHelmet_Barrage</defName>
				<hideHat>ShowsHair</hideHat>
				<hideBed>HideHat</hideBed>
			</li>
			<li>
				<defName>VFEP_WarcasketHelmet_Hazard</defName>
				<hideHat>ShowsHair</hideHat>
				<hideBed>HideHat</hideBed>
			</li>
			<li>
				<defName>VFEP_WarcasketHelmet_Shock</defName>
				<hideHat>ShowsHair</hideHat>
				<hideBed>HideHat</hideBed>
			</li>
			<li>
				<defName>VFEP_WarcasketHelmet_Siegebreaker</defName>
				<hideHat>ShowsHair</hideHat>
				<hideBed>HideHat</hideBed>
			</li>
			<li>
				<defName>VFEP_WarcasketHelmet_Guardian</defName>
				<hideHat>ShowsHair</hideHat>
				<hideBed>HideHat</hideBed>
			</li>
			<li>
				<defName>VFEP_WarcasketHelmet_Controller</defName>
				<hideHat>ShowsHair</hideHat>
				<hideBed>HideHat</hideBed>
			</li>
			<li>
				<defName>VFEP_WarcasketHelmet_Sarcophagus</defName>
				<hideHat>ShowsHair</hideHat>
				<hideBed>HideHat</hideBed>
			</li>
			<li>
				<defName>VFEP_WarcasketHelmet_Brute</defName>
				<hideHat>ShowsHair</hideHat>
				<hideBed>HideHat</hideBed>
			</li>
			<li>
				<defName>Prestige_WarcasketHelmet_Cataphract</defName>
				<hideHat>ShowsHair</hideHat>
				<hideBed>HideHat</hideBed>
			</li>
			<li>
				<defName>Prestige_WarcasketHelmet_Marine</defName>
				<hideHat>ShowsHair</hideHat>
				<hideBed>HideHat</hideBed>
			</li>
			<li>
				<defName>Prestige_WarcasketHelmet_Recon</defName>
				<hideHat>ShowsHair</hideHat>
				<hideBed>HideHat</hideBed>
			</li>
			<li>
				<defName>VFEV_Apparel_GuardianHelmet</defName>
				<hideHat>ShowsHair</hideHat>
				<hideBed>HideHat</hideBed>
			</li>
			<li>
				<defName>VFEV_Apparel_LeatherHelmet</defName>
				<hideHat>ShowsHair</hideHat>
				<hideBed>HideHat</hideBed>
			</li>
			<li>
				<defName>VFEV_Apparel_RavagerHelmet</defName>
				<hideHat>ShowsHair</hideHat>
				<hideBed>HideHat</hideBed>
			</li>
			<li>
				<defName>VFEV_MooseHeaddress</defName>
				<hideHat>ShowsHair</hideHat>
				<hideBed>HideHat</hideBed>
			</li>
			<li>
				<defName>VFEV_BearHeaddress</defName>
				<hideHat>ShowsHair</hideHat>
				<hideBed>HideHat</hideBed>
			</li>
			<li>
				<defName>VFEV_JarlCrown</defName>
				<hideHat>ShowsHair</hideHat>
				<hideBed>HideHat</hideBed>
			</li>
			<li>
				<defName>VFEV_Apparel_CryptoLightHelmet</defName>
				<hideHat>ShowsHair</hideHat>
				<hideBed>HideHat</hideBed>
			</li>
			<li>
				<defName>VFEV_Apparel_CryptoHeavyHelmet</defName>
				<hideHat>ShowsHair</hideHat>
				<hideBed>HideHat</hideBed>
			</li>
			<li>
				<defName>VAE_Headgear_RoyalTrooperHelmet</defName>
				<hideHat>ShowsHair</hideHat>
				<hideBed>HideHat</hideBed>
			</li>
			<li>
				<defName>VAE_Headgear_RoyalSiegeHelmet</defName>
				<hideHat>ShowsHair</hideHat>
				<hideBed>HideHat</hideBed>
			</li>
			<li>
				<defName>VAE_Apparel_PlateHelmet</defName>
				<hideHat>ShowsHair</hideHat>
				<hideBed>HideHat</hideBed>
			</li>
			<li>
				<defName>VAE_Headgear_StoneWarMask</defName>
				<hideHat>ShowsHair</hideHat>
				<hideBed>HideHat</hideBed>
			</li>
			<li>
				<defName>VAE_Headgear_TrooperHelmet</defName>
				<hideHat>ShowsHair</hideHat>
				<hideBed>HideHat</hideBed>
			</li>
			<li>
				<defName>VAE_Headgear_HeavyMarineHelmet</defName>
				<hideHat>ShowsHair</hideHat>
				<hideBed>HideHat</hideBed>
			</li>
			<li>
				<defName>VAE_Headgear_Balaclava</defName>
				<hideHat>ShowsHair</hideHat>
				<hideBed>HideHat</hideBed>
			</li>
			<li>
				<defName>VAE_Headgear_GhillieHood</defName>
				<hideHat>ShowsHair</hideHat>
				<hideBed>HideHat</hideBed>
			</li>
			<li>
				<defName>VAE_Headgear_HAZMATMask</defName>
				<hideHat>ShowsHair</hideHat>
				<hideBed>HideHat</hideBed>
			</li>
			<li>
				<defName>VFEC_Wreath</defName>
				<hideHat>ShowsHair</hideHat>
				<hideBed>HideHat</hideBed>
			</li>
			<li>
				<defName>VFEC_Apparel_LegionnaireHelmet</defName>
				<hideHat>ShowsHair</hideHat>
				<hideBed>HideHat</hideBed>
			</li>
			<li>
				<defName>VFEC_Apparel_CenturionHelmet</defName>
				<hideHat>ShowsHair</hideHat>
				<hideBed>HideHat</hideBed>
			</li>
			<li>
				<defName>Bedouin_Kufiya</defName>
				<hideHat>ShowsHair</hideHat>
				<hideBed>HideHat</hideBed>
			</li>
			<li>
				<defName>Bedouin_Helmet</defName>
				<hideHat>HidesAllHair</hideHat>
				<hideIndoors>HideHat</hideIndoors>
				<hideBed>HideHat</hideBed>
			</li>
			<li>
				<defName>Bedouin_Hijab</defName>
				<hideHat>ShowsHair</hideHat>
				<hideBed>HideHat</hideBed>
			</li>
			<li>
				<defName>VAE_Headgear_Fedora</defName>
				<hideHat>ShowsHair</hideHat>
				<hideBed>HideHat</hideBed>
			</li>
			<li>
				<defName>VAE_Headgear_Scarf</defName>
				<hideHat>ShowsHair</hideHat>
				<hideBed>HideHat</hideBed>
			</li>
			<li>
				<defName>VAE_Headgear_Beret</defName>
				<hideHat>ShowsHair</hideHat>
				<hideBed>HideHat</hideBed>
			</li>
			<li>
				<defName>VAE_Headgear_Hardhat</defName>
				<hideHat>ShowsHair</hideHat>
				<hideBed>HideHat</hideBed>
			</li>
			<li>
				<defName>VAE_Headgear_SurgicalMask</defName>
				<hideHat>ShowsHair</hideHat>
				<hideBed>HideHat</hideBed>
			</li>
			<li>
				<defName>VAE_Headgear_BaseballCap</defName>
				<hideHat>ShowsHair</hideHat>
				<hideBed>HideHat</hideBed>
			</li>
			<li>
				<defName>VAE_Headgear_Sunglasses</defName>
				<hideHat>ShowsHair</hideHat>
				<hideBed>HideHat</hideBed>
			</li>
			<li>
				<defName>VAE_Headgear_Glasses</defName>
				<hideHat>ShowsHair</hideHat>
				<hideBed>HideHat</hideBed>
			</li>
			<li>
				<defName>VAE_Headgear_ChefsToque</defName>
				<hideHat>ShowsHair</hideHat>
				<hideBed>HideHat</hideBed>
			</li>
			<li>
				<defName>K4G_Apparel_ConeHat</defName>
				<hideHat>ShowsHair</hideHat>
				<hideBed>HideHat</hideBed>
			</li>
			<li>
				<defName>K4G_Apparel_HoodedMask</defName>
				<hideHat>ShowsHair</hideHat>
				<hideBed>HideHat</hideBed>
			</li>
			<li>
				<defName>K4G_Apparel_DynastyCrown</defName>
				<hideHat>ShowsHair</hideHat>
				<hideBed>HideHat</hideBed>
			</li>
			<li>
				<defName>K4G_Apparel_ImperialHelmet</defName>
				<hideHat>ShowsHair</hideHat>
				<hideBed>HideHat</hideBed>
			</li>
			<li>
				<defName>K4G_Apparel_PrestigeImperialHelmet</defName>
				<hideHat>ShowsHair</hideHat>
				<hideBed>HideHat</hideBed>
			</li>
			<li>
				<defName>K4G_Apparel_Goggles</defName>
				<hideHat>ShowsHair</hideHat>
				<hideBed>HideHat</hideBed>
			</li>
			<li>
				<defName>K4G_Apparel_GoggledHelmet</defName>
				<hideHat>ShowsHair</hideHat>
				<hideBed>HideHat</hideBed>
			</li>
			<li>
				<defName>K4G_Apparel_LegionaryHelmet</defName>
				<hideHat>ShowsHair</hideHat>
				<hideBed>HideHat</hideBed>
			</li>
			<li>
				<defName>K4G_Apparel_PrestigeLegionaryHelmet</defName>
				<hideHat>ShowsHair</hideHat>
				<hideBed>HideHat</hideBed>
			</li>
			<li>
				<defName>K4G_Apparel_SheriffHat</defName>
				<hideHat>ShowsHair</hideHat>
				<hideBed>HideHat</hideBed>
			</li>
			<li>
				<defName>K4G_Apparel_OutlanderHelmet</defName>
				<hideHat>ShowsHair</hideHat>
				<hideBed>HideHat</hideBed>
			</li>
			<li>
				<defName>K4G_Apparel_AdvancedOutlanderHelmet</defName>
				<hideHat>ShowsHair</hideHat>
				<hideBed>HideHat</hideBed>
			</li>
			<li>
				<defName>K4G_Apparel_Turban</defName>
				<hideHat>ShowsHair</hideHat>
				<hideBed>HideHat</hideBed>
			</li>
			<li>
				<defName>K4G_Apparel_RoyalTurban</defName>
				<hideHat>ShowsHair</hideHat>
				<hideBed>HideHat</hideBed>
			</li>
			<li>
				<defName>K4G_Apparel_HeadScarf</defName>
				<hideHat>ShowsHair</hideHat>
				<hideBed>HideHat</hideBed>
			</li>
			<li>
				<defName>K4G_Apparel_HeadScarfMask</defName>
				<hideHat>ShowsHair</hideHat>
				<hideBed>HideHat</hideBed>
			</li>
			<li>
				<defName>K4G_Apparel_TricornHat</defName>
				<hideHat>ShowsHair</hideHat>
				<hideBed>HideHat</hideBed>
			</li>
			<li>
				<defName>K4G_Apparel_Eyepatch</defName>
				<hideHat>ShowsHair</hideHat>
				<hideBed>HideHat</hideBed>
			</li>
			<li>
				<defName>K4G_Apparel_FlakMask</defName>
				<hideHat>ShowsHair</hideHat>
				<hideBed>HideHat</hideBed>
			</li>
		</Hats>
		<Hair>
			<li>
				<defName>Victoria</defName>
				<forceHide>True</forceHide>
			</li>
		</Hair>
	</ModSettings>
</SettingsBlock>