﻿<?xml version="1.0" encoding="utf-8"?>
<SettingsBlock>
	<ModSettings Class="CombatAI.Settings">
		<CombatAI.SightSettings_FriendliesAndRaiders2.17>
			<frequency.17>1</frequency.17>
			<buckets.17>4</buckets.17>
			<carryLimit.17>16</carryLimit.17>
		</CombatAI.SightSettings_FriendliesAndRaiders2.17>
		<CombatAI.SightSettings_MechsAndInsects2.17>
			<frequency.17>3</frequency.17>
			<buckets.17>5</buckets.17>
			<carryLimit.17>6</carryLimit.17>
		</CombatAI.SightSettings_MechsAndInsects2.17>
		<CombatAI.SightSettings_Wildlife2.17>
			<frequency.17>3</frequency.17>
			<buckets.17>10</buckets.17>
			<carryLimit.17>4</carryLimit.17>
		</CombatAI.SightSettings_Wildlife2.17>
		<CombatAI.SightSettings_SettlementTurrets2.17>
			<frequency.17>3</frequency.17>
			<buckets.17>15</buckets.17>
			<carryLimit.17>12</carryLimit.17>
		</CombatAI.SightSettings_SettlementTurrets2.17>
		<raceSettings2>
			<keys>
				<li>Bear_Grizzly_</li>
				<li>Bear_Grizzly_Bear_Grizzly</li>
				<li>Bear_Polar_</li>
				<li>Bear_Polar_Bear_Polar</li>
				<li>Ostrich_</li>
				<li>Ostrich_Ostrich</li>
				<li>Emu_</li>
				<li>Emu_Emu</li>
				<li>Cassowary_</li>
				<li>Cassowary_Cassowary</li>
				<li>Cougar_</li>
				<li>Cougar_Cougar</li>
				<li>Panther_</li>
				<li>Panther_Panther</li>
				<li>Lynx_</li>
				<li>Lynx_Lynx</li>
				<li>Cat_</li>
				<li>Cat_Cat</li>
				<li>YorkshireTerrier_</li>
				<li>YorkshireTerrier_YorkshireTerrier</li>
				<li>GuineaPig_</li>
				<li>GuineaPig_GuineaPig</li>
				<li>LabradorRetriever_</li>
				<li>LabradorRetriever_LabradorRetriever</li>
				<li>Husky_</li>
				<li>Husky_Husky</li>
				<li>Monkey_</li>
				<li>Monkey_Monkey</li>
				<li>Chicken_</li>
				<li>Chicken_Chicken</li>
				<li>Duck_</li>
				<li>Duck_Duck</li>
				<li>Turkey_</li>
				<li>Turkey_Turkey</li>
				<li>Goose_</li>
				<li>Goose_Goose</li>
				<li>Cow_</li>
				<li>Cow_Cow</li>
				<li>Boomalope_</li>
				<li>Boomalope_Boomalope</li>
				<li>Muffalo_</li>
				<li>Muffalo_Muffalo</li>
				<li>Bison_</li>
				<li>Bison_Bison</li>
				<li>Dromedary_</li>
				<li>Dromedary_Dromedary</li>
				<li>Goat_</li>
				<li>Goat_Goat</li>
				<li>Elk_</li>
				<li>Elk_Elk</li>
				<li>Yak_</li>
				<li>Yak_Yak</li>
				<li>Caribou_</li>
				<li>Caribou_Caribou</li>
				<li>Horse_</li>
				<li>Horse_Horse</li>
				<li>Donkey_</li>
				<li>Donkey_Donkey</li>
				<li>Elephant_</li>
				<li>Elephant_Elephant</li>
				<li>Rhinoceros_</li>
				<li>Rhinoceros_Rhinoceros</li>
				<li>Hare_</li>
				<li>Hare_Hare</li>
				<li>Snowhare_</li>
				<li>Snowhare_Snowhare</li>
				<li>Megascarab_</li>
				<li>Megascarab_Megascarab</li>
				<li>Spelopede_</li>
				<li>Spelopede_Spelopede</li>
				<li>Megaspider_</li>
				<li>Megaspider_Megaspider</li>
				<li>Thrumbo_</li>
				<li>Thrumbo_Thrumbo</li>
				<li>Cobra_</li>
				<li>Cobra_Cobra</li>
				<li>Tortoise_</li>
				<li>Tortoise_Tortoise</li>
				<li>Alphabeaver_</li>
				<li>Alphabeaver_Alphabeaver</li>
				<li>Pig_</li>
				<li>Pig_Pig</li>
				<li>WildBoar_</li>
				<li>WildBoar_WildBoar</li>
				<li>Ibex_</li>
				<li>Ibex_Ibex</li>
				<li>Deer_</li>
				<li>Deer_Deer</li>
				<li>Gazelle_</li>
				<li>Gazelle_Gazelle</li>
				<li>Chinchilla_</li>
				<li>Chinchilla_Chinchilla</li>
				<li>Sheep_</li>
				<li>Sheep_Sheep</li>
				<li>Alpaca_</li>
				<li>Alpaca_Alpaca</li>
				<li>Megasloth_</li>
				<li>Megasloth_Megasloth</li>
				<li>Capybara_</li>
				<li>Capybara_Capybara</li>
				<li>Squirrel_</li>
				<li>Squirrel_Squirrel</li>
				<li>Rat_</li>
				<li>Rat_Rat</li>
				<li>Boomrat_</li>
				<li>Boomrat_Boomrat</li>
				<li>Raccoon_</li>
				<li>Raccoon_Raccoon</li>
				<li>Iguana_</li>
				<li>Iguana_Iguana</li>
				<li>Warg_</li>
				<li>Warg_Warg</li>
				<li>Wolf_Timber_</li>
				<li>Wolf_Timber_Wolf_Timber</li>
				<li>Wolf_Arctic_</li>
				<li>Wolf_Arctic_Wolf_Arctic</li>
				<li>Fox_Fennec_</li>
				<li>Fox_Fennec_Fox_Fennec</li>
				<li>Fox_Red_</li>
				<li>Fox_Red_Fox_Red</li>
				<li>Fox_Arctic_</li>
				<li>Fox_Arctic_Fox_Arctic</li>
				<li>Human_</li>
				<li>Human_Grenadier_Destructive</li>
				<li>Human_Grenadier_EMP</li>
				<li>Human_Grenadier_Smoke</li>
				<li>Human_Mercenary_Gunner</li>
				<li>Human_Mercenary_Gunner_Acidifier</li>
				<li>Human_Mercenary_Sniper</li>
				<li>Human_Mercenary_Sniper_Acidifier</li>
				<li>Human_Mercenary_Slasher</li>
				<li>Human_Mercenary_Slasher_Acidifier</li>
				<li>Human_Mercenary_Heavy</li>
				<li>Human_PirateBoss</li>
				<li>Human_Mercenary_Elite</li>
				<li>Human_Mercenary_Elite_Acidifier</li>
				<li>Human_Villager</li>
				<li>Human_Town_Guard</li>
				<li>Human_Town_Trader</li>
				<li>Human_Town_Councilman</li>
				<li>Human_Drifter</li>
				<li>Human_Scavenger</li>
				<li>Human_Thrasher</li>
				<li>Human_Pirate</li>
				<li>Human_Colonist</li>
				<li>Human_Tribesperson</li>
				<li>Human_SpaceRefugee</li>
				<li>Human_SpaceRefugee_Clothed</li>
				<li>Human_AncientSoldier</li>
				<li>Human_Slave</li>
				<li>Human_WildMan</li>
				<li>Human_StrangerInBlack</li>
				<li>Human_Tribal_Penitent</li>
				<li>Human_Tribal_Archer</li>
				<li>Human_Tribal_Warrior</li>
				<li>Human_Tribal_Hunter</li>
				<li>Human_Tribal_Trader</li>
				<li>Human_Tribal_Berserker</li>
				<li>Human_Tribal_HeavyArcher</li>
				<li>Human_Tribal_ChiefMelee</li>
				<li>Human_Tribal_ChiefRanged</li>
				<li>Human_Tribal_Breacher</li>
				<li>Human_Slave_Empire</li>
				<li>Human_Empire_Common_Lodger</li>
				<li>Human_Empire_Common_Trader</li>
				<li>Human_Empire_Common_Laborer</li>
				<li>Human_Empire_Fighter_Trooper</li>
				<li>Human_Empire_Fighter_Grenadier</li>
				<li>Human_Empire_Fighter_Janissary</li>
				<li>Human_Empire_Fighter_Champion</li>
				<li>Human_Empire_Fighter_Cataphract</li>
				<li>Human_Empire_Fighter_StellicGuardRanged</li>
				<li>Human_Empire_Fighter_StellicGuardMelee</li>
				<li>Human_Empire_Royal_NobleWimp</li>
				<li>Human_Empire_Royal_Yeoman</li>
				<li>Human_Empire_Royal_Acolyte</li>
				<li>Human_Empire_Royal_Knight</li>
				<li>Human_Empire_Royal_Praetor</li>
				<li>Human_Empire_Royal_Baron</li>
				<li>Human_Empire_Royal_Count</li>
				<li>Human_Empire_Royal_Duke</li>
				<li>Human_Empire_Royal_Consul</li>
				<li>Human_Empire_Royal_Stellarch</li>
				<li>Human_Empire_Royal_Bestower</li>
				<li>Human_Refugee</li>
				<li>Human_Tribal_Miner</li>
				<li>Human_Miner</li>
				<li>Human_Hunter</li>
				<li>Human_Tribal_Logger</li>
				<li>Human_Logger</li>
				<li>Human_Tribal_Farmer</li>
				<li>Human_Farmer</li>
				<li>Human_Beggar</li>
				<li>Human_PovertyPilgrim</li>
				<li>Human_WellEquippedTraveler</li>
				<li>Human_Tribal_Archer_Fire</li>
				<li>Human_Tribal_Hunter_Fire</li>
				<li>Human_Tribal_Warrior_Fire</li>
				<li>Human_Tribal_Penitent_Fire</li>
				<li>Human_Tribal_Child_Fire</li>
				<li>Human_Villager_Pig</li>
				<li>Human_Villager_Child_Pig</li>
				<li>Human_Town_Guard_Pig</li>
				<li>Human_Town_Councilman_Pig</li>
				<li>Human_Town_Trader_Pig</li>
				<li>Human_Mercenary_Gunner_Pig</li>
				<li>Human_Mercenary_Elite_Pig</li>
				<li>Human_Mechanitor</li>
				<li>Human_Mechanitor_Basic</li>
				<li>Human_Sanguophage</li>
				<li>Human_Sanguophage_Player</li>
				<li>Human_SanguophageThrall</li>
				<li>Human_Villager_Child</li>
				<li>Human_Tribal_Child</li>
				<li>Human_Mercenary_GunnerTox</li>
				<li>Human_Mercenary_SlasherTox</li>
				<li>Human_Mercenary_EliteTox</li>
				<li>Human_Grenadier_Tox</li>
				<li>Human_Mercenary_HeavyTox</li>
				<li>Human_PirateBossTox</li>
				<li>Human_Pirate_Yttakin</li>
				<li>Human_Scavenger_Yttakin</li>
				<li>Human_Drifter_Yttakin</li>
				<li>Human_Thrasher_Yttakin</li>
				<li>Human_Mercenary_Gunner_Yttakin</li>
				<li>Human_Mercenary_Heavy_Yttakin</li>
				<li>Human_Mercenary_Slasher_Yttakin</li>
				<li>Human_Mercenary_Sniper_Yttakin</li>
				<li>Human_Mercenary_Elite_Yttakin</li>
				<li>Human_BotchJob_DivineOrderCommoner</li>
				<li>Human_BotchJob_DivineOrderMerchant</li>
				<li>Human_BotchJob_DivineOrderConscript</li>
				<li>Human_BotchJob_DivineOrderStandardBearer</li>
				<li>Human_BotchJob_DivineOrderScout</li>
				<li>Human_BotchJob_DivineOrderFighter</li>
				<li>Human_BotchJob_DivineOrderZealot</li>
				<li>Human_BotchJob_DivineOrderSharpshooter</li>
				<li>Human_BotchJob_DivineOrderKnight</li>
				<li>Human_BotchJob_DivineOrderChampion</li>
				<li>Human_BotchJob_DivineOrderCrusader</li>
				<li>Human_BotchJob_DivineOrderInquisitor</li>
				<li>Human_BotchJob_DivineOrderHerald</li>
				<li>Human_BotchJob_DivineOrderDefector</li>
				<li>Human_VFET_Wildperson</li>
				<li>Human_VFEV_Member</li>
				<li>Human_VFEV_Slave</li>
				<li>Human_VFEV_VikingHero</li>
				<li>Human_VFEV_VikingLegend</li>
				<li>Human_VFEV_Viking_Peasant</li>
				<li>Human_VFEV_Viking_Merchant</li>
				<li>Human_VFEV_Viking_Slaver</li>
				<li>Human_VFEV_Raider</li>
				<li>Human_VFEV_Guardian</li>
				<li>Human_VFEV_Ravager</li>
				<li>Human_VFEV_Berserker</li>
				<li>Human_VFEV_Archer</li>
				<li>Human_VFEV_Shieldbearer</li>
				<li>Human_VFEV_ShieldedGuardian</li>
				<li>Human_VFEV_ShieldedRavager</li>
				<li>Human_VFEV_HousecarlMelee</li>
				<li>Human_VFEV_HousecarlRanged</li>
				<li>Human_VFEC_Plebeian</li>
				<li>Human_VFEC_RepublicVillager</li>
				<li>Human_VFEC_RepublicTrader</li>
				<li>Human_VFEC_TownGuard</li>
				<li>Human_VFEC_RepublicArcher</li>
				<li>Human_VFEC_RepublicAuxilia</li>
				<li>Human_VFEC_RepublicSenator</li>
				<li>Human_VFEC_Legionnaire</li>
				<li>Human_VFEC_ScorpionOperator</li>
				<li>Human_VFEC_Centurion</li>
				<li>Human_VFEC_Praetorian</li>
				<li>Human_VFEM_Medieval_Peasant</li>
				<li>Human_VFEM_Medieval_Merchant</li>
				<li>Human_VFEM_Medieval_Squire</li>
				<li>Human_VFEM_Medieval_Bowman</li>
				<li>Human_VFEM_Medieval_Footsoldier</li>
				<li>Human_VFEM_Medieval_Knight</li>
				<li>Human_VFEM_Medieval_Lord</li>
				<li>Human_VFEM_Medieval_Jester</li>
				<li>Human_VFEM_Medieval_Dame</li>
				<li>Human_VFEM_Medieval_King</li>
				<li>Human_VFEM_Subject</li>
				<li>Human_VFEM_SellSword</li>
				<li>Human_VFEM_KnightInBlack</li>
				<li>Human_UncompromisingTribalFaction_FireThrower</li>
				<li>Human_UncompromisingTribalFaction_Hunter_Fire</li>
				<li>Human_UncompromisingTribalFaction_HeavyArcher_Fire</li>
				<li>Human_VEE_TribalHunter</li>
				<li>Human_VEE_Hunter</li>
				<li>Human_VFEI_RiotUnit</li>
				<li>Human_VFE_Mercenary</li>
				<li>Human_VFEM_Medieval_Calvary</li>
				<li>Mech_CentipedeBlaster_</li>
				<li>Mech_CentipedeBlaster_Mech_CentipedeBlaster</li>
				<li>Mech_CentipedeGunner_</li>
				<li>Mech_CentipedeGunner_Mech_CentipedeGunner</li>
				<li>Mech_CentipedeBurner_</li>
				<li>Mech_CentipedeBurner_Mech_CentipedeBurner</li>
				<li>Mech_Lancer_</li>
				<li>Mech_Lancer_Mech_Lancer</li>
				<li>Mech_Scyther_</li>
				<li>Mech_Scyther_Mech_Scyther</li>
				<li>Mech_Pikeman_</li>
				<li>Mech_Pikeman_Mech_Pikeman</li>
				<li>Mech_Termite_</li>
				<li>Mech_Termite_Mech_Termite_Breach</li>
				<li>Dryad_Basic_</li>
				<li>Dryad_Basic_Dryad_Basic</li>
				<li>Dryad_Woodmaker_</li>
				<li>Dryad_Woodmaker_Dryad_Woodmaker</li>
				<li>Dryad_Berrymaker_</li>
				<li>Dryad_Berrymaker_Dryad_Berrymaker</li>
				<li>Dryad_Medicinemaker_</li>
				<li>Dryad_Medicinemaker_Dryad_Medicinemaker</li>
				<li>Dryad_Gaumaker_</li>
				<li>Dryad_Gaumaker_Dryad_Gaumaker</li>
				<li>Dryad_Carrier_</li>
				<li>Dryad_Carrier_Dryad_Carrier</li>
				<li>Dryad_Clawer_</li>
				<li>Dryad_Clawer_Dryad_Clawer</li>
				<li>Dryad_Barkskin_</li>
				<li>Dryad_Barkskin_Dryad_Barkskin</li>
				<li>WasteRat_</li>
				<li>WasteRat_WasteRat</li>
				<li>Toxalope_</li>
				<li>Toxalope_Toxalope</li>
				<li>Mech_Tunneler_</li>
				<li>Mech_Tunneler_Mech_Tunneler</li>
				<li>Mech_Militor_</li>
				<li>Mech_Militor_Mech_Militor</li>
				<li>Mech_Lifter_</li>
				<li>Mech_Lifter_Mech_Lifter</li>
				<li>Mech_Constructoid_</li>
				<li>Mech_Constructoid_Mech_Constructoid</li>
				<li>Mech_Fabricor_</li>
				<li>Mech_Fabricor_Mech_Fabricor</li>
				<li>Mech_Agrihand_</li>
				<li>Mech_Agrihand_Mech_Agrihand</li>
				<li>Mech_Cleansweeper_</li>
				<li>Mech_Cleansweeper_Mech_Cleansweeper</li>
				<li>Mech_WarUrchin_</li>
				<li>Mech_WarUrchin_Mech_WarUrchin</li>
				<li>Mech_Paramedic_</li>
				<li>Mech_Paramedic_Mech_Paramedic</li>
				<li>Mech_Legionary_</li>
				<li>Mech_Legionary_Mech_Legionary</li>
				<li>Mech_Tesseron_</li>
				<li>Mech_Tesseron_Mech_Tesseron</li>
				<li>Mech_Scorcher_</li>
				<li>Mech_Scorcher_Mech_Scorcher</li>
				<li>Mech_Apocriton_</li>
				<li>Mech_Apocriton_Mech_Apocriton</li>
				<li>Mech_Centurion_</li>
				<li>Mech_Centurion_Mech_Centurion</li>
				<li>Mech_Warqueen_</li>
				<li>Mech_Warqueen_Mech_Warqueen</li>
				<li>Mech_Diabolus_</li>
				<li>Mech_Diabolus_Mech_Diabolus</li>
				<li>AM_UnshackledDryad_</li>
				<li>AM_UnshackledDryad_AM_UnshackledDryad</li>
				<li>BotchJob_DivineOrderHorse_</li>
				<li>BotchJob_DivineOrderHorse_BotchJob_DivineOrderHorse</li>
				<li>RG_Hemolope_</li>
				<li>RG_Hemolope_RG_Hemolope</li>
				<li>RG_Rabbit_</li>
				<li>RG_Rabbit_RG_Rabbit</li>
				<li>RG_Moa_</li>
				<li>RG_Moa_RG_Moa</li>
				<li>RG_Neutrolope_</li>
				<li>RG_Neutrolope_RG_Neutrolope</li>
				<li>VFEV_WoolyCow_</li>
				<li>VFEV_WoolyCow_VFEV_WoolyCow</li>
				<li>VFEV_Fenrir_</li>
				<li>VFEV_Fenrir_VFEV_Fenrir</li>
				<li>VFEV_Lothurr_</li>
				<li>VFEV_Lothurr_VFEV_Lothurr</li>
				<li>VFEV_Njorun_</li>
				<li>VFEV_Njorun_VFEV_Njorun</li>
				<li>VFEV_Wolfhound_</li>
				<li>VFEV_Wolfhound_VFEV_Wolfhound</li>
				<li>VFEV_Mech_Odin_</li>
				<li>VFEV_Mech_Odin_VFEV_Mech_Odin</li>
				<li>AEXP_Coyote_</li>
				<li>AEXP_Coyote_AEXP_Coyote</li>
				<li>AEXP_Giraffe_</li>
				<li>AEXP_Giraffe_AEXP_Giraffe</li>
				<li>AEXP_Hippopotamus_</li>
				<li>AEXP_Hippopotamus_AEXP_Hippopotamus</li>
				<li>AEXP_Zebra_</li>
				<li>AEXP_Zebra_AEXP_Zebra</li>
				<li>AEXP_Wildebeest_</li>
				<li>AEXP_Wildebeest_AEXP_Wildebeest</li>
				<li>AEXP_Crocodile_</li>
				<li>AEXP_Crocodile_AEXP_Crocodile</li>
				<li>AEXP_Cheetah_</li>
				<li>AEXP_Cheetah_AEXP_Cheetah</li>
				<li>AEXP_Boombat_</li>
				<li>AEXP_Boombat_AEXP_Boombat</li>
				<li>AEXP_Kangaroo_</li>
				<li>AEXP_Kangaroo_AEXP_Kangaroo</li>
				<li>AEXP_Koala_</li>
				<li>AEXP_Koala_AEXP_Koala</li>
				<li>AEXP_Platypus_</li>
				<li>AEXP_Platypus_AEXP_Platypus</li>
				<li>AEXP_Otter_</li>
				<li>AEXP_Otter_AEXP_Otter</li>
				<li>AEXP_ArcticCoyote_</li>
				<li>AEXP_ArcticCoyote_AEXP_ArcticCoyote</li>
				<li>AEXP_BlackBear_</li>
				<li>AEXP_BlackBear_AEXP_BlackBear</li>
				<li>AEXP_CatAbyssinian_</li>
				<li>AEXP_CatAbyssinian_AEXP_CatAbyssinian</li>
				<li>AEXP_CatBengal_</li>
				<li>AEXP_CatBengal_AEXP_CatBengal</li>
				<li>AEXP_CatBritishShorthair_</li>
				<li>AEXP_CatBritishShorthair_AEXP_CatBritishShorthair</li>
				<li>AEXP_CatMaineCoon_</li>
				<li>AEXP_CatMaineCoon_AEXP_CatMaineCoon</li>
				<li>AEXP_CatMunchkin_</li>
				<li>AEXP_CatMunchkin_AEXP_CatMunchkin</li>
				<li>AEXP_CatNorwegianForest_</li>
				<li>AEXP_CatNorwegianForest_AEXP_CatNorwegianForest</li>
				<li>AEXP_CatPersian_</li>
				<li>AEXP_CatPersian_AEXP_CatPersian</li>
				<li>AEXP_CatSiamese_</li>
				<li>AEXP_CatSiamese_AEXP_CatSiamese</li>
				<li>AEXP_CatSomali_</li>
				<li>AEXP_CatSomali_AEXP_CatSomali</li>
				<li>AEXP_CatSphynx_</li>
				<li>AEXP_CatSphynx_AEXP_CatSphynx</li>
				<li>AEXP_Hyena_</li>
				<li>AEXP_Hyena_AEXP_Hyena</li>
				<li>AEXP_DesertTortoise_</li>
				<li>AEXP_DesertTortoise_AEXP_DesertTortoise</li>
				<li>AEXP_Lion_</li>
				<li>AEXP_Lion_AEXP_Lion</li>
				<li>AEXP_GilaMonster_</li>
				<li>AEXP_GilaMonster_AEXP_GilaMonster</li>
				<li>AEXP_Beagle_</li>
				<li>AEXP_Beagle_AEXP_Beagle</li>
				<li>AEXP_Chihuahua_</li>
				<li>AEXP_Chihuahua_AEXP_Chihuahua</li>
				<li>AEXP_Corgi_</li>
				<li>AEXP_Corgi_AEXP_Corgi</li>
				<li>AEXP_FrenchBulldog_</li>
				<li>AEXP_FrenchBulldog_AEXP_FrenchBulldog</li>
				<li>AEXP_GermanShepherd_</li>
				<li>AEXP_GermanShepherd_AEXP_GermanShepherd</li>
				<li>AEXP_GreatDane_</li>
				<li>AEXP_GreatDane_AEXP_GreatDane</li>
				<li>AEXP_Poodle_</li>
				<li>AEXP_Poodle_AEXP_Poodle</li>
				<li>AEXP_Pug_</li>
				<li>AEXP_Pug_AEXP_Pug</li>
				<li>AEXP_Rottweiler_</li>
				<li>AEXP_Rottweiler_AEXP_Rottweiler</li>
				<li>AEXP_Shih-Tzu_</li>
				<li>AEXP_Shih-Tzu_AEXP_Shih-Tzu</li>
				<li>AEXP_WelshTerrier_</li>
				<li>AEXP_WelshTerrier_AEXP_WelshTerrier</li>
				<li>AEXP_Camel_</li>
				<li>AEXP_Camel_AEXP_Camel</li>
				<li>AEXP_Rattlesnake_</li>
				<li>AEXP_Rattlesnake_AEXP_Rattlesnake</li>
				<li>AEXP_Megascorpion_</li>
				<li>AEXP_Megascorpion_AEXP_Megascorpion</li>
				<li>AEXP_Penguin_</li>
				<li>AEXP_Penguin_AEXP_Penguin</li>
				<li>AEXP_Seal_</li>
				<li>AEXP_Seal_AEXP_Seal</li>
				<li>AEXP_Walrus_</li>
				<li>AEXP_Walrus_AEXP_Walrus</li>
				<li>AEXP_RedPanda_</li>
				<li>AEXP_RedPanda_AEXP_RedPanda</li>
				<li>AEXP_Badger_</li>
				<li>AEXP_Badger_AEXP_Badger</li>
				<li>AEXP_WildGoose_</li>
				<li>AEXP_WildGoose_AEXP_WildGoose</li>
				<li>AEXP_Beaver_</li>
				<li>AEXP_Beaver_AEXP_Beaver</li>
				<li>AEXP_Hedgehog_</li>
				<li>AEXP_Hedgehog_AEXP_Hedgehog</li>
				<li>AEXP_Gorilla_</li>
				<li>AEXP_Gorilla_AEXP_Gorilla</li>
				<li>AEXP_Jaguar_</li>
				<li>AEXP_Jaguar_AEXP_Jaguar</li>
				<li>AEXP_Lemur_</li>
				<li>AEXP_Lemur_AEXP_Lemur</li>
				<li>AEXP_Mandrill_</li>
				<li>AEXP_Mandrill_AEXP_Mandrill</li>
				<li>AEXP_Tapir_</li>
				<li>AEXP_Tapir_AEXP_Tapir</li>
				<li>AEXP_Tiger_</li>
				<li>AEXP_Tiger_AEXP_Tiger</li>
				<li>AEXP_Alligator_</li>
				<li>AEXP_Alligator_AEXP_Alligator</li>
				<li>AEXP_Anaconda_</li>
				<li>AEXP_Anaconda_AEXP_Anaconda</li>
				<li>AEXP_IndianElephant_</li>
				<li>AEXP_IndianElephant_AEXP_IndianElephant</li>
				<li>AEXP_Muskox_</li>
				<li>AEXP_Muskox_AEXP_Muskox</li>
				<li>AEXP_Moose_</li>
				<li>AEXP_Moose_AEXP_Moose</li>
				<li>AEXP_MegaWolverine_</li>
				<li>AEXP_MegaWolverine_AEXP_MegaWolverine</li>
				<li>AEXP_Porcupine_</li>
				<li>AEXP_Porcupine_AEXP_Porcupine</li>
				<li>VFEI_Insectoid_Queen_</li>
				<li>VFEI_Insectoid_Queen_VFEI_Insectoid_Queen</li>
				<li>VFEI_Insectoid_RoyalMegaspider_</li>
				<li>VFEI_Insectoid_RoyalMegaspider_VFEI_Insectoid_RoyalMegaspider</li>
				<li>VFEI_Insectoid_Gigalocust_</li>
				<li>VFEI_Insectoid_Gigalocust_VFEI_Insectoid_Gigalocust</li>
				<li>VFEI_Insectoid_Megapede_</li>
				<li>VFEI_Insectoid_Megapede_VFEI_Insectoid_Megapede</li>
				<li>VFEI_Insectoid_Larvae_</li>
				<li>VFEI_Insectoid_Larvae_VFEI_Insectoid_Larvae</li>
				<li>VFEI_VatgrownBoomtick_</li>
				<li>VFEI_VatgrownBoomtick_VFEI_VatgrownBoomtick</li>
				<li>VFEI_VatGrownCuterpillar_</li>
				<li>VFEI_VatGrownCuterpillar_VFEI_VatGrownCuterpillar</li>
				<li>VFEI_VatGrownGigascorpion_</li>
				<li>VFEI_VatGrownGigascorpion_VFEI_VatGrownGigascorpion</li>
				<li>VFEI_VatGrownGigawig_</li>
				<li>VFEI_VatGrownGigawig_VFEI_VatGrownGigawig</li>
				<li>VFEI_VatGrownMegacricket_</li>
				<li>VFEI_VatGrownMegacricket_VFEI_VatGrownMegacricket</li>
				<li>VFEI_VatGrownMilkbeetle_</li>
				<li>VFEI_VatGrownMilkbeetle_VFEI_VatGrownMilkbeetle</li>
				<li>VFEI_VatGrownMonstrosity_</li>
				<li>VFEI_VatGrownMonstrosity_VFEI_VatGrownMonstrosity</li>
				<li>VFEI_VatGrownPrincess_</li>
				<li>VFEI_VatGrownPrincess_VFEI_VatGrownPrincess</li>
				<li>VFEI_VatgrownRoyalLarva_</li>
				<li>VFEI_VatgrownRoyalLarva_VFEI_VatgrownRoyalLarva</li>
				<li>VFEI_VatGrownRoyalMaggot_</li>
				<li>VFEI_VatGrownRoyalMaggot_VFEI_VatGrownRoyalMaggot</li>
				<li>VFEI_VatGrownSpiderweaver_</li>
				<li>VFEI_VatGrownSpiderweaver_VFEI_VatGrownSpiderweaver</li>
				<li>VFEI_VatGrownTitanbeetle_</li>
				<li>VFEI_VatGrownTitanbeetle_VFEI_VatGrownTitanbeetle</li>
				<li>VFEI_VatGrownGigalocust_</li>
				<li>VFEI_VatGrownGigalocust_VFEI_VatGrownGigalocust</li>
				<li>VFEI_VatGrownMegapede_</li>
				<li>VFEI_VatGrownMegapede_VFEI_VatGrownMegapede</li>
				<li>VFEI_VatGrownMegascarab_</li>
				<li>VFEI_VatGrownMegascarab_VFEI_VatGrownMegascarab</li>
				<li>VFEI_VatgrownMegaspider_</li>
				<li>VFEI_VatgrownMegaspider_VFEI_VatgrownMegaspider</li>
				<li>VFEI_VatGrownSpelopede_</li>
				<li>VFEI_VatGrownSpelopede_VFEI_VatGrownSpelopede</li>
				<li>VFEI_VatGrownWargling_</li>
				<li>VFEI_VatGrownWargling_VFEI_VatGrownWargling</li>
				<li>VFEI_VatGrownWorkerAnt_</li>
				<li>VFEI_VatGrownWorkerAnt_VFEI_VatGrownWorkerAnt</li>
			</keys>
			<values>
				<li>
					<Retreat_Enabled>False</Retreat_Enabled>
				</li>
				<li>
					<Retreat_Enabled>False</Retreat_Enabled>
				</li>
				<li>
					<Retreat_Enabled>False</Retreat_Enabled>
				</li>
				<li>
					<Retreat_Enabled>False</Retreat_Enabled>
				</li>
				<li>
					<Retreat_Enabled>False</Retreat_Enabled>
				</li>
				<li>
					<Retreat_Enabled>False</Retreat_Enabled>
				</li>
				<li>
					<Retreat_Enabled>False</Retreat_Enabled>
				</li>
				<li>
					<Retreat_Enabled>False</Retreat_Enabled>
				</li>
				<li>
					<Retreat_Enabled>False</Retreat_Enabled>
				</li>
				<li>
					<Retreat_Enabled>False</Retreat_Enabled>
				</li>
				<li>
					<Retreat_Enabled>False</Retreat_Enabled>
				</li>
				<li>
					<Retreat_Enabled>False</Retreat_Enabled>
				</li>
				<li>
					<Retreat_Enabled>False</Retreat_Enabled>
				</li>
				<li>
					<Retreat_Enabled>False</Retreat_Enabled>
				</li>
				<li>
					<Retreat_Enabled>False</Retreat_Enabled>
				</li>
				<li>
					<Retreat_Enabled>False</Retreat_Enabled>
				</li>
				<li>
					<Retreat_Enabled>False</Retreat_Enabled>
				</li>
				<li>
					<Retreat_Enabled>False</Retreat_Enabled>
				</li>
				<li>
					<Retreat_Enabled>False</Retreat_Enabled>
				</li>
				<li>
					<Retreat_Enabled>False</Retreat_Enabled>
				</li>
				<li>
					<Retreat_Enabled>False</Retreat_Enabled>
				</li>
				<li>
					<Retreat_Enabled>False</Retreat_Enabled>
				</li>
				<li>
					<Retreat_Enabled>False</Retreat_Enabled>
				</li>
				<li>
					<Retreat_Enabled>False</Retreat_Enabled>
				</li>
				<li>
					<Retreat_Enabled>False</Retreat_Enabled>
				</li>
				<li>
					<Retreat_Enabled>False</Retreat_Enabled>
				</li>
				<li>
					<Retreat_Enabled>False</Retreat_Enabled>
				</li>
				<li>
					<Retreat_Enabled>False</Retreat_Enabled>
				</li>
				<li>
					<Retreat_Enabled>False</Retreat_Enabled>
				</li>
				<li>
					<Retreat_Enabled>False</Retreat_Enabled>
				</li>
				<li>
					<Retreat_Enabled>False</Retreat_Enabled>
				</li>
				<li>
					<Retreat_Enabled>False</Retreat_Enabled>
				</li>
				<li>
					<Retreat_Enabled>False</Retreat_Enabled>
				</li>
				<li>
					<Retreat_Enabled>False</Retreat_Enabled>
				</li>
				<li>
					<Retreat_Enabled>False</Retreat_Enabled>
				</li>
				<li>
					<Retreat_Enabled>False</Retreat_Enabled>
				</li>
				<li>
					<Retreat_Enabled>False</Retreat_Enabled>
				</li>
				<li>
					<Retreat_Enabled>False</Retreat_Enabled>
				</li>
				<li>
					<Retreat_Enabled>False</Retreat_Enabled>
				</li>
				<li>
					<Retreat_Enabled>False</Retreat_Enabled>
				</li>
				<li>
					<Retreat_Enabled>False</Retreat_Enabled>
				</li>
				<li>
					<Retreat_Enabled>False</Retreat_Enabled>
				</li>
				<li>
					<Retreat_Enabled>False</Retreat_Enabled>
				</li>
				<li>
					<Retreat_Enabled>False</Retreat_Enabled>
				</li>
				<li>
					<Retreat_Enabled>False</Retreat_Enabled>
				</li>
				<li>
					<Retreat_Enabled>False</Retreat_Enabled>
				</li>
				<li>
					<Retreat_Enabled>False</Retreat_Enabled>
				</li>
				<li>
					<Retreat_Enabled>False</Retreat_Enabled>
				</li>
				<li>
					<Retreat_Enabled>False</Retreat_Enabled>
				</li>
				<li>
					<Retreat_Enabled>False</Retreat_Enabled>
				</li>
				<li>
					<Retreat_Enabled>False</Retreat_Enabled>
				</li>
				<li>
					<Retreat_Enabled>False</Retreat_Enabled>
				</li>
				<li>
					<Retreat_Enabled>False</Retreat_Enabled>
				</li>
				<li>
					<Retreat_Enabled>False</Retreat_Enabled>
				</li>
				<li>
					<Retreat_Enabled>False</Retreat_Enabled>
				</li>
				<li>
					<Retreat_Enabled>False</Retreat_Enabled>
				</li>
				<li>
					<Retreat_Enabled>False</Retreat_Enabled>
				</li>
				<li>
					<Retreat_Enabled>False</Retreat_Enabled>
				</li>
				<li>
					<Retreat_Enabled>False</Retreat_Enabled>
				</li>
				<li>
					<Retreat_Enabled>False</Retreat_Enabled>
				</li>
				<li>
					<Retreat_Enabled>False</Retreat_Enabled>
				</li>
				<li>
					<Retreat_Enabled>False</Retreat_Enabled>
				</li>
				<li>
					<Retreat_Enabled>False</Retreat_Enabled>
				</li>
				<li>
					<Retreat_Enabled>False</Retreat_Enabled>
				</li>
				<li>
					<Retreat_Enabled>False</Retreat_Enabled>
				</li>
				<li>
					<Retreat_Enabled>False</Retreat_Enabled>
				</li>
				<li>
					<Retreat_Enabled>False</Retreat_Enabled>
				</li>
				<li>
					<Retreat_Enabled>False</Retreat_Enabled>
				</li>
				<li>
					<Retreat_Enabled>False</Retreat_Enabled>
				</li>
				<li>
					<Retreat_Enabled>False</Retreat_Enabled>
				</li>
				<li>
					<Retreat_Enabled>False</Retreat_Enabled>
				</li>
				<li>
					<Retreat_Enabled>False</Retreat_Enabled>
				</li>
				<li>
					<Retreat_Enabled>False</Retreat_Enabled>
				</li>
				<li>
					<Retreat_Enabled>False</Retreat_Enabled>
				</li>
				<li>
					<Retreat_Enabled>False</Retreat_Enabled>
				</li>
				<li>
					<Retreat_Enabled>False</Retreat_Enabled>
				</li>
				<li>
					<Retreat_Enabled>False</Retreat_Enabled>
				</li>
				<li>
					<Retreat_Enabled>False</Retreat_Enabled>
				</li>
				<li>
					<Retreat_Enabled>False</Retreat_Enabled>
				</li>
				<li>
					<Retreat_Enabled>False</Retreat_Enabled>
				</li>
				<li>
					<Retreat_Enabled>False</Retreat_Enabled>
				</li>
				<li>
					<Retreat_Enabled>False</Retreat_Enabled>
				</li>
				<li>
					<Retreat_Enabled>False</Retreat_Enabled>
				</li>
				<li>
					<Retreat_Enabled>False</Retreat_Enabled>
				</li>
				<li>
					<Retreat_Enabled>False</Retreat_Enabled>
				</li>
				<li>
					<Retreat_Enabled>False</Retreat_Enabled>
				</li>
				<li>
					<Retreat_Enabled>False</Retreat_Enabled>
				</li>
				<li>
					<Retreat_Enabled>False</Retreat_Enabled>
				</li>
				<li>
					<Retreat_Enabled>False</Retreat_Enabled>
				</li>
				<li>
					<Retreat_Enabled>False</Retreat_Enabled>
				</li>
				<li>
					<Retreat_Enabled>False</Retreat_Enabled>
				</li>
				<li>
					<Retreat_Enabled>False</Retreat_Enabled>
				</li>
				<li>
					<Retreat_Enabled>False</Retreat_Enabled>
				</li>
				<li>
					<Retreat_Enabled>False</Retreat_Enabled>
				</li>
				<li>
					<Retreat_Enabled>False</Retreat_Enabled>
				</li>
				<li>
					<Retreat_Enabled>False</Retreat_Enabled>
				</li>
				<li>
					<Retreat_Enabled>False</Retreat_Enabled>
				</li>
				<li>
					<Retreat_Enabled>False</Retreat_Enabled>
				</li>
				<li>
					<Retreat_Enabled>False</Retreat_Enabled>
				</li>
				<li>
					<Retreat_Enabled>False</Retreat_Enabled>
				</li>
				<li>
					<Retreat_Enabled>False</Retreat_Enabled>
				</li>
				<li>
					<Retreat_Enabled>False</Retreat_Enabled>
				</li>
				<li>
					<Retreat_Enabled>False</Retreat_Enabled>
				</li>
				<li>
					<Retreat_Enabled>False</Retreat_Enabled>
				</li>
				<li>
					<Retreat_Enabled>False</Retreat_Enabled>
				</li>
				<li>
					<Retreat_Enabled>False</Retreat_Enabled>
				</li>
				<li>
					<Retreat_Enabled>False</Retreat_Enabled>
				</li>
				<li>
					<Retreat_Enabled>False</Retreat_Enabled>
				</li>
				<li>
					<Retreat_Enabled>False</Retreat_Enabled>
				</li>
				<li>
					<Retreat_Enabled>False</Retreat_Enabled>
				</li>
				<li>
					<Retreat_Enabled>False</Retreat_Enabled>
				</li>
				<li>
					<Retreat_Enabled>False</Retreat_Enabled>
				</li>
				<li>
					<Retreat_Enabled>False</Retreat_Enabled>
				</li>
				<li>
					<Retreat_Enabled>False</Retreat_Enabled>
				</li>
				<li>
					<Retreat_Enabled>False</Retreat_Enabled>
				</li>
				<li>
					<Retreat_Enabled>False</Retreat_Enabled>
				</li>
				<li>
					<Retreat_Enabled>False</Retreat_Enabled>
				</li>
				<li>
					<Retreat_Enabled>False</Retreat_Enabled>
				</li>
				<li>
					<Retreat_Enabled>False</Retreat_Enabled>
				</li>
				<li>
					<Retreat_Enabled>False</Retreat_Enabled>
				</li>
				<li>
					<Retreat_Enabled>False</Retreat_Enabled>
				</li>
				<li>
					<Retreat_Enabled>False</Retreat_Enabled>
				</li>
				<li>
					<Retreat_Enabled>False</Retreat_Enabled>
				</li>
				<li>
					<Retreat_Enabled>False</Retreat_Enabled>
				</li>
				<li>
					<Retreat_Enabled>False</Retreat_Enabled>
				</li>
				<li>
					<Retreat_Enabled>False</Retreat_Enabled>
				</li>
				<li>
					<Retreat_Enabled>False</Retreat_Enabled>
				</li>
				<li>
					<Retreat_Enabled>False</Retreat_Enabled>
				</li>
				<li>
					<Retreat_Enabled>False</Retreat_Enabled>
				</li>
				<li>
					<Retreat_Enabled>False</Retreat_Enabled>
				</li>
				<li>
					<Retreat_Enabled>False</Retreat_Enabled>
				</li>
				<li>
					<Retreat_Enabled>False</Retreat_Enabled>
				</li>
				<li>
					<Retreat_Enabled>False</Retreat_Enabled>
				</li>
				<li>
					<Retreat_Enabled>False</Retreat_Enabled>
				</li>
				<li>
					<Retreat_Enabled>False</Retreat_Enabled>
				</li>
				<li>
					<Retreat_Enabled>False</Retreat_Enabled>
				</li>
				<li>
					<Retreat_Enabled>False</Retreat_Enabled>
				</li>
				<li>
					<Retreat_Enabled>False</Retreat_Enabled>
				</li>
				<li>
					<Retreat_Enabled>False</Retreat_Enabled>
				</li>
				<li>
					<Retreat_Enabled>False</Retreat_Enabled>
				</li>
				<li>
					<Retreat_Enabled>False</Retreat_Enabled>
				</li>
				<li>
					<Retreat_Enabled>False</Retreat_Enabled>
				</li>
				<li>
					<Retreat_Enabled>False</Retreat_Enabled>
				</li>
				<li>
					<Retreat_Enabled>False</Retreat_Enabled>
				</li>
				<li>
					<Retreat_Enabled>False</Retreat_Enabled>
				</li>
				<li>
					<Retreat_Enabled>False</Retreat_Enabled>
				</li>
				<li>
					<Retreat_Enabled>False</Retreat_Enabled>
				</li>
				<li>
					<Retreat_Enabled>False</Retreat_Enabled>
				</li>
				<li>
					<Retreat_Enabled>False</Retreat_Enabled>
				</li>
				<li>
					<Retreat_Enabled>False</Retreat_Enabled>
				</li>
				<li>
					<Retreat_Enabled>False</Retreat_Enabled>
				</li>
				<li>
					<Retreat_Enabled>False</Retreat_Enabled>
				</li>
				<li>
					<Retreat_Enabled>False</Retreat_Enabled>
				</li>
				<li>
					<Retreat_Enabled>False</Retreat_Enabled>
				</li>
				<li>
					<Retreat_Enabled>False</Retreat_Enabled>
				</li>
				<li>
					<Retreat_Enabled>False</Retreat_Enabled>
				</li>
				<li>
					<Retreat_Enabled>False</Retreat_Enabled>
				</li>
				<li>
					<Retreat_Enabled>False</Retreat_Enabled>
				</li>
				<li>
					<Retreat_Enabled>False</Retreat_Enabled>
				</li>
				<li>
					<Retreat_Enabled>False</Retreat_Enabled>
				</li>
				<li>
					<Retreat_Enabled>False</Retreat_Enabled>
				</li>
				<li>
					<Retreat_Enabled>False</Retreat_Enabled>
				</li>
				<li>
					<Retreat_Enabled>False</Retreat_Enabled>
				</li>
				<li>
					<Retreat_Enabled>False</Retreat_Enabled>
				</li>
				<li>
					<Retreat_Enabled>False</Retreat_Enabled>
				</li>
				<li>
					<Retreat_Enabled>False</Retreat_Enabled>
				</li>
				<li>
					<Retreat_Enabled>False</Retreat_Enabled>
				</li>
				<li>
					<Retreat_Enabled>False</Retreat_Enabled>
				</li>
				<li>
					<Retreat_Enabled>False</Retreat_Enabled>
				</li>
				<li>
					<Retreat_Enabled>False</Retreat_Enabled>
				</li>
				<li>
					<Retreat_Enabled>False</Retreat_Enabled>
				</li>
				<li>
					<Retreat_Enabled>False</Retreat_Enabled>
				</li>
				<li>
					<Retreat_Enabled>False</Retreat_Enabled>
				</li>
				<li>
					<Retreat_Enabled>False</Retreat_Enabled>
				</li>
				<li>
					<Retreat_Enabled>False</Retreat_Enabled>
				</li>
				<li>
					<Retreat_Enabled>False</Retreat_Enabled>
				</li>
				<li>
					<Retreat_Enabled>False</Retreat_Enabled>
				</li>
				<li>
					<Retreat_Enabled>False</Retreat_Enabled>
				</li>
				<li>
					<Retreat_Enabled>False</Retreat_Enabled>
				</li>
				<li>
					<Retreat_Enabled>False</Retreat_Enabled>
				</li>
				<li>
					<Retreat_Enabled>False</Retreat_Enabled>
				</li>
				<li>
					<Retreat_Enabled>False</Retreat_Enabled>
				</li>
				<li>
					<Retreat_Enabled>False</Retreat_Enabled>
				</li>
				<li>
					<Retreat_Enabled>False</Retreat_Enabled>
				</li>
				<li>
					<Retreat_Enabled>False</Retreat_Enabled>
				</li>
				<li>
					<Retreat_Enabled>False</Retreat_Enabled>
				</li>
				<li>
					<Retreat_Enabled>False</Retreat_Enabled>
				</li>
				<li>
					<Retreat_Enabled>False</Retreat_Enabled>
				</li>
				<li>
					<Retreat_Enabled>False</Retreat_Enabled>
				</li>
				<li>
					<Retreat_Enabled>False</Retreat_Enabled>
				</li>
				<li>
					<Retreat_Enabled>False</Retreat_Enabled>
				</li>
				<li>
					<Retreat_Enabled>False</Retreat_Enabled>
				</li>
				<li>
					<Retreat_Enabled>False</Retreat_Enabled>
				</li>
				<li>
					<Retreat_Enabled>False</Retreat_Enabled>
				</li>
				<li>
					<Retreat_Enabled>False</Retreat_Enabled>
				</li>
				<li>
					<Retreat_Enabled>False</Retreat_Enabled>
				</li>
				<li>
					<Retreat_Enabled>False</Retreat_Enabled>
				</li>
				<li>
					<Retreat_Enabled>False</Retreat_Enabled>
				</li>
				<li>
					<Retreat_Enabled>False</Retreat_Enabled>
				</li>
				<li>
					<Retreat_Enabled>False</Retreat_Enabled>
				</li>
				<li>
					<Retreat_Enabled>False</Retreat_Enabled>
				</li>
				<li>
					<Retreat_Enabled>False</Retreat_Enabled>
				</li>
				<li>
					<Retreat_Enabled>False</Retreat_Enabled>
				</li>
				<li>
					<Retreat_Enabled>False</Retreat_Enabled>
				</li>
				<li>
					<Retreat_Enabled>False</Retreat_Enabled>
				</li>
				<li>
					<Retreat_Enabled>False</Retreat_Enabled>
				</li>
				<li>
					<Retreat_Enabled>False</Retreat_Enabled>
				</li>
				<li>
					<Retreat_Enabled>False</Retreat_Enabled>
				</li>
				<li>
					<Retreat_Enabled>False</Retreat_Enabled>
				</li>
				<li>
					<Retreat_Enabled>False</Retreat_Enabled>
				</li>
				<li>
					<Retreat_Enabled>False</Retreat_Enabled>
				</li>
				<li>
					<Retreat_Enabled>False</Retreat_Enabled>
				</li>
				<li>
					<Retreat_Enabled>False</Retreat_Enabled>
				</li>
				<li>
					<Retreat_Enabled>False</Retreat_Enabled>
				</li>
				<li>
					<Retreat_Enabled>False</Retreat_Enabled>
				</li>
				<li>
					<Retreat_Enabled>False</Retreat_Enabled>
				</li>
				<li>
					<Retreat_Enabled>False</Retreat_Enabled>
				</li>
				<li>
					<Retreat_Enabled>False</Retreat_Enabled>
				</li>
				<li>
					<Retreat_Enabled>False</Retreat_Enabled>
				</li>
				<li>
					<Retreat_Enabled>False</Retreat_Enabled>
				</li>
				<li>
					<Retreat_Enabled>False</Retreat_Enabled>
				</li>
				<li>
					<Retreat_Enabled>False</Retreat_Enabled>
				</li>
				<li>
					<Retreat_Enabled>False</Retreat_Enabled>
				</li>
				<li>
					<Retreat_Enabled>False</Retreat_Enabled>
				</li>
				<li>
					<Retreat_Enabled>False</Retreat_Enabled>
				</li>
				<li>
					<Retreat_Enabled>False</Retreat_Enabled>
				</li>
				<li>
					<Retreat_Enabled>False</Retreat_Enabled>
				</li>
				<li>
					<Retreat_Enabled>False</Retreat_Enabled>
				</li>
				<li>
					<Retreat_Enabled>False</Retreat_Enabled>
				</li>
				<li>
					<Retreat_Enabled>False</Retreat_Enabled>
				</li>
				<li>
					<Retreat_Enabled>False</Retreat_Enabled>
				</li>
				<li>
					<Retreat_Enabled>False</Retreat_Enabled>
				</li>
				<li>
					<Retreat_Enabled>False</Retreat_Enabled>
				</li>
				<li>
					<Retreat_Enabled>False</Retreat_Enabled>
				</li>
				<li>
					<Retreat_Enabled>False</Retreat_Enabled>
				</li>
				<li>
					<Retreat_Enabled>False</Retreat_Enabled>
				</li>
				<li>
					<Retreat_Enabled>False</Retreat_Enabled>
				</li>
				<li>
					<Retreat_Enabled>False</Retreat_Enabled>
				</li>
				<li>
					<Retreat_Enabled>False</Retreat_Enabled>
				</li>
				<li>
					<Retreat_Enabled>False</Retreat_Enabled>
				</li>
				<li>
					<Retreat_Enabled>False</Retreat_Enabled>
				</li>
				<li>
					<Retreat_Enabled>False</Retreat_Enabled>
				</li>
				<li>
					<Retreat_Enabled>False</Retreat_Enabled>
				</li>
				<li>
					<Retreat_Enabled>False</Retreat_Enabled>
				</li>
				<li>
					<Retreat_Enabled>False</Retreat_Enabled>
				</li>
				<li>
					<Retreat_Enabled>False</Retreat_Enabled>
				</li>
				<li>
					<Retreat_Enabled>False</Retreat_Enabled>
				</li>
				<li>
					<Retreat_Enabled>False</Retreat_Enabled>
				</li>
				<li>
					<Retreat_Enabled>False</Retreat_Enabled>
				</li>
				<li>
					<Retreat_Enabled>False</Retreat_Enabled>
				</li>
				<li>
					<Retreat_Enabled>False</Retreat_Enabled>
				</li>
				<li>
					<Retreat_Enabled>False</Retreat_Enabled>
				</li>
				<li>
					<Retreat_Enabled>False</Retreat_Enabled>
				</li>
				<li>
					<Retreat_Enabled>False</Retreat_Enabled>
				</li>
				<li>
					<Retreat_Enabled>False</Retreat_Enabled>
				</li>
				<li>
					<Retreat_Enabled>False</Retreat_Enabled>
				</li>
				<li>
					<Retreat_Enabled>False</Retreat_Enabled>
				</li>
				<li>
					<Retreat_Enabled>False</Retreat_Enabled>
				</li>
				<li>
					<Retreat_Enabled>False</Retreat_Enabled>
				</li>
				<li>
					<Retreat_Enabled>False</Retreat_Enabled>
				</li>
				<li>
					<Retreat_Enabled>False</Retreat_Enabled>
				</li>
				<li>
					<Retreat_Enabled>False</Retreat_Enabled>
				</li>
				<li>
					<Retreat_Enabled>False</Retreat_Enabled>
				</li>
				<li>
					<Retreat_Enabled>False</Retreat_Enabled>
				</li>
				<li>
					<Retreat_Enabled>False</Retreat_Enabled>
				</li>
				<li>
					<Retreat_Enabled>False</Retreat_Enabled>
				</li>
				<li>
					<Retreat_Enabled>False</Retreat_Enabled>
				</li>
				<li>
					<Retreat_Enabled>False</Retreat_Enabled>
				</li>
				<li>
					<Retreat_Enabled>False</Retreat_Enabled>
				</li>
				<li>
					<Retreat_Enabled>False</Retreat_Enabled>
				</li>
				<li>
					<Retreat_Enabled>False</Retreat_Enabled>
				</li>
				<li>
					<Retreat_Enabled>False</Retreat_Enabled>
				</li>
				<li>
					<Retreat_Enabled>False</Retreat_Enabled>
				</li>
				<li>
					<Retreat_Enabled>False</Retreat_Enabled>
				</li>
				<li>
					<Retreat_Enabled>False</Retreat_Enabled>
				</li>
				<li>
					<Retreat_Enabled>False</Retreat_Enabled>
				</li>
				<li>
					<Retreat_Enabled>False</Retreat_Enabled>
				</li>
				<li>
					<Retreat_Enabled>False</Retreat_Enabled>
				</li>
				<li>
					<Retreat_Enabled>False</Retreat_Enabled>
				</li>
				<li>
					<Retreat_Enabled>False</Retreat_Enabled>
				</li>
				<li>
					<Retreat_Enabled>False</Retreat_Enabled>
				</li>
				<li>
					<Retreat_Enabled>False</Retreat_Enabled>
				</li>
				<li>
					<Retreat_Enabled>False</Retreat_Enabled>
				</li>
				<li>
					<Retreat_Enabled>False</Retreat_Enabled>
				</li>
				<li>
					<Retreat_Enabled>False</Retreat_Enabled>
				</li>
				<li>
					<Retreat_Enabled>False</Retreat_Enabled>
				</li>
				<li>
					<Retreat_Enabled>False</Retreat_Enabled>
				</li>
				<li>
					<Retreat_Enabled>False</Retreat_Enabled>
				</li>
				<li>
					<Retreat_Enabled>False</Retreat_Enabled>
				</li>
				<li>
					<Retreat_Enabled>False</Retreat_Enabled>
				</li>
				<li>
					<Retreat_Enabled>False</Retreat_Enabled>
				</li>
				<li>
					<Retreat_Enabled>False</Retreat_Enabled>
				</li>
				<li>
					<Retreat_Enabled>False</Retreat_Enabled>
				</li>
				<li>
					<Retreat_Enabled>False</Retreat_Enabled>
				</li>
				<li>
					<Retreat_Enabled>False</Retreat_Enabled>
				</li>
				<li>
					<Retreat_Enabled>False</Retreat_Enabled>
				</li>
				<li>
					<Retreat_Enabled>False</Retreat_Enabled>
				</li>
				<li>
					<Retreat_Enabled>False</Retreat_Enabled>
				</li>
				<li>
					<Retreat_Enabled>False</Retreat_Enabled>
				</li>
				<li>
					<Retreat_Enabled>False</Retreat_Enabled>
				</li>
				<li>
					<Retreat_Enabled>False</Retreat_Enabled>
				</li>
				<li>
					<Retreat_Enabled>False</Retreat_Enabled>
				</li>
				<li>
					<Retreat_Enabled>False</Retreat_Enabled>
				</li>
				<li>
					<Retreat_Enabled>False</Retreat_Enabled>
				</li>
				<li>
					<Retreat_Enabled>False</Retreat_Enabled>
				</li>
				<li>
					<Retreat_Enabled>False</Retreat_Enabled>
				</li>
				<li>
					<Retreat_Enabled>False</Retreat_Enabled>
				</li>
				<li>
					<Retreat_Enabled>False</Retreat_Enabled>
				</li>
				<li>
					<Retreat_Enabled>False</Retreat_Enabled>
				</li>
				<li>
					<Retreat_Enabled>False</Retreat_Enabled>
				</li>
				<li>
					<Retreat_Enabled>False</Retreat_Enabled>
				</li>
				<li>
					<Retreat_Enabled>False</Retreat_Enabled>
				</li>
				<li>
					<Retreat_Enabled>False</Retreat_Enabled>
				</li>
				<li>
					<Retreat_Enabled>False</Retreat_Enabled>
				</li>
				<li>
					<Retreat_Enabled>False</Retreat_Enabled>
				</li>
				<li>
					<Retreat_Enabled>False</Retreat_Enabled>
				</li>
				<li>
					<Retreat_Enabled>False</Retreat_Enabled>
				</li>
				<li>
					<Retreat_Enabled>False</Retreat_Enabled>
				</li>
				<li>
					<Retreat_Enabled>False</Retreat_Enabled>
				</li>
				<li>
					<Retreat_Enabled>False</Retreat_Enabled>
				</li>
				<li>
					<Retreat_Enabled>False</Retreat_Enabled>
				</li>
				<li>
					<Retreat_Enabled>False</Retreat_Enabled>
				</li>
				<li>
					<Retreat_Enabled>False</Retreat_Enabled>
				</li>
				<li>
					<Retreat_Enabled>False</Retreat_Enabled>
				</li>
				<li>
					<Retreat_Enabled>False</Retreat_Enabled>
				</li>
				<li>
					<Retreat_Enabled>False</Retreat_Enabled>
				</li>
				<li>
					<Retreat_Enabled>False</Retreat_Enabled>
				</li>
				<li>
					<Retreat_Enabled>False</Retreat_Enabled>
				</li>
				<li>
					<Retreat_Enabled>False</Retreat_Enabled>
				</li>
				<li>
					<Retreat_Enabled>False</Retreat_Enabled>
				</li>
				<li>
					<Retreat_Enabled>False</Retreat_Enabled>
				</li>
				<li>
					<Retreat_Enabled>False</Retreat_Enabled>
				</li>
				<li>
					<Retreat_Enabled>False</Retreat_Enabled>
				</li>
				<li>
					<Retreat_Enabled>False</Retreat_Enabled>
				</li>
				<li>
					<Retreat_Enabled>False</Retreat_Enabled>
				</li>
				<li>
					<Retreat_Enabled>False</Retreat_Enabled>
				</li>
				<li>
					<Retreat_Enabled>False</Retreat_Enabled>
				</li>
				<li>
					<Retreat_Enabled>False</Retreat_Enabled>
				</li>
				<li>
					<Retreat_Enabled>False</Retreat_Enabled>
				</li>
				<li>
					<Retreat_Enabled>False</Retreat_Enabled>
				</li>
				<li>
					<Retreat_Enabled>False</Retreat_Enabled>
				</li>
				<li>
					<Retreat_Enabled>False</Retreat_Enabled>
				</li>
				<li>
					<Retreat_Enabled>False</Retreat_Enabled>
				</li>
				<li>
					<Retreat_Enabled>False</Retreat_Enabled>
				</li>
				<li>
					<Retreat_Enabled>False</Retreat_Enabled>
				</li>
				<li>
					<Retreat_Enabled>False</Retreat_Enabled>
				</li>
				<li>
					<Retreat_Enabled>False</Retreat_Enabled>
				</li>
				<li>
					<Retreat_Enabled>False</Retreat_Enabled>
				</li>
				<li>
					<Retreat_Enabled>False</Retreat_Enabled>
				</li>
				<li>
					<Retreat_Enabled>False</Retreat_Enabled>
				</li>
				<li>
					<Retreat_Enabled>False</Retreat_Enabled>
				</li>
				<li>
					<Retreat_Enabled>False</Retreat_Enabled>
				</li>
				<li>
					<Retreat_Enabled>False</Retreat_Enabled>
				</li>
				<li>
					<Retreat_Enabled>False</Retreat_Enabled>
				</li>
				<li>
					<Retreat_Enabled>False</Retreat_Enabled>
				</li>
				<li>
					<Retreat_Enabled>False</Retreat_Enabled>
				</li>
				<li>
					<Retreat_Enabled>False</Retreat_Enabled>
				</li>
				<li>
					<Retreat_Enabled>False</Retreat_Enabled>
				</li>
				<li>
					<Retreat_Enabled>False</Retreat_Enabled>
				</li>
				<li>
					<Retreat_Enabled>False</Retreat_Enabled>
				</li>
				<li>
					<Retreat_Enabled>False</Retreat_Enabled>
				</li>
				<li>
					<Retreat_Enabled>False</Retreat_Enabled>
				</li>
				<li>
					<Retreat_Enabled>False</Retreat_Enabled>
				</li>
				<li>
					<Retreat_Enabled>False</Retreat_Enabled>
				</li>
				<li>
					<Retreat_Enabled>False</Retreat_Enabled>
				</li>
				<li>
					<Retreat_Enabled>False</Retreat_Enabled>
				</li>
				<li>
					<Retreat_Enabled>False</Retreat_Enabled>
				</li>
				<li>
					<Retreat_Enabled>False</Retreat_Enabled>
				</li>
				<li>
					<Retreat_Enabled>False</Retreat_Enabled>
				</li>
				<li>
					<Retreat_Enabled>False</Retreat_Enabled>
				</li>
				<li>
					<Retreat_Enabled>False</Retreat_Enabled>
				</li>
				<li>
					<Retreat_Enabled>False</Retreat_Enabled>
				</li>
				<li>
					<Retreat_Enabled>False</Retreat_Enabled>
				</li>
				<li>
					<Retreat_Enabled>False</Retreat_Enabled>
				</li>
				<li>
					<Retreat_Enabled>False</Retreat_Enabled>
				</li>
				<li>
					<Retreat_Enabled>False</Retreat_Enabled>
				</li>
				<li>
					<Retreat_Enabled>False</Retreat_Enabled>
				</li>
				<li>
					<Retreat_Enabled>False</Retreat_Enabled>
				</li>
				<li>
					<Retreat_Enabled>False</Retreat_Enabled>
				</li>
				<li>
					<Retreat_Enabled>False</Retreat_Enabled>
				</li>
				<li>
					<Retreat_Enabled>False</Retreat_Enabled>
				</li>
				<li>
					<Retreat_Enabled>False</Retreat_Enabled>
				</li>
				<li>
					<Retreat_Enabled>False</Retreat_Enabled>
				</li>
				<li>
					<Retreat_Enabled>False</Retreat_Enabled>
				</li>
				<li>
					<Retreat_Enabled>False</Retreat_Enabled>
				</li>
				<li>
					<Retreat_Enabled>False</Retreat_Enabled>
				</li>
				<li>
					<Retreat_Enabled>False</Retreat_Enabled>
				</li>
				<li>
					<Retreat_Enabled>False</Retreat_Enabled>
				</li>
				<li>
					<Retreat_Enabled>False</Retreat_Enabled>
				</li>
				<li>
					<Retreat_Enabled>False</Retreat_Enabled>
				</li>
				<li>
					<Retreat_Enabled>False</Retreat_Enabled>
				</li>
				<li>
					<Retreat_Enabled>False</Retreat_Enabled>
				</li>
				<li>
					<Retreat_Enabled>False</Retreat_Enabled>
				</li>
				<li>
					<Retreat_Enabled>False</Retreat_Enabled>
				</li>
				<li>
					<Retreat_Enabled>False</Retreat_Enabled>
				</li>
				<li>
					<Retreat_Enabled>False</Retreat_Enabled>
				</li>
				<li>
					<Retreat_Enabled>False</Retreat_Enabled>
				</li>
				<li>
					<Retreat_Enabled>False</Retreat_Enabled>
				</li>
				<li>
					<Retreat_Enabled>False</Retreat_Enabled>
				</li>
				<li>
					<Retreat_Enabled>False</Retreat_Enabled>
				</li>
				<li>
					<Retreat_Enabled>False</Retreat_Enabled>
				</li>
				<li>
					<Retreat_Enabled>False</Retreat_Enabled>
				</li>
				<li>
					<Retreat_Enabled>False</Retreat_Enabled>
				</li>
				<li>
					<Retreat_Enabled>False</Retreat_Enabled>
				</li>
				<li>
					<Retreat_Enabled>False</Retreat_Enabled>
				</li>
				<li>
					<Retreat_Enabled>False</Retreat_Enabled>
				</li>
				<li>
					<Retreat_Enabled>False</Retreat_Enabled>
				</li>
				<li>
					<Retreat_Enabled>False</Retreat_Enabled>
				</li>
				<li>
					<Retreat_Enabled>False</Retreat_Enabled>
				</li>
				<li>
					<Retreat_Enabled>False</Retreat_Enabled>
				</li>
				<li>
					<Retreat_Enabled>False</Retreat_Enabled>
				</li>
				<li>
					<Retreat_Enabled>False</Retreat_Enabled>
				</li>
				<li>
					<Retreat_Enabled>False</Retreat_Enabled>
				</li>
				<li>
					<Retreat_Enabled>False</Retreat_Enabled>
				</li>
				<li>
					<Retreat_Enabled>False</Retreat_Enabled>
				</li>
				<li>
					<Retreat_Enabled>False</Retreat_Enabled>
				</li>
				<li>
					<Retreat_Enabled>False</Retreat_Enabled>
				</li>
				<li>
					<Retreat_Enabled>False</Retreat_Enabled>
				</li>
				<li>
					<Retreat_Enabled>False</Retreat_Enabled>
				</li>
				<li>
					<Retreat_Enabled>False</Retreat_Enabled>
				</li>
				<li>
					<Retreat_Enabled>False</Retreat_Enabled>
				</li>
				<li>
					<Retreat_Enabled>False</Retreat_Enabled>
				</li>
				<li>
					<Retreat_Enabled>False</Retreat_Enabled>
				</li>
				<li>
					<Retreat_Enabled>False</Retreat_Enabled>
				</li>
				<li>
					<Retreat_Enabled>False</Retreat_Enabled>
				</li>
				<li>
					<Retreat_Enabled>False</Retreat_Enabled>
				</li>
				<li>
					<Retreat_Enabled>False</Retreat_Enabled>
				</li>
				<li>
					<Retreat_Enabled>False</Retreat_Enabled>
				</li>
				<li>
					<Retreat_Enabled>False</Retreat_Enabled>
				</li>
				<li>
					<Retreat_Enabled>False</Retreat_Enabled>
				</li>
				<li>
					<Retreat_Enabled>False</Retreat_Enabled>
				</li>
				<li>
					<Retreat_Enabled>False</Retreat_Enabled>
				</li>
				<li>
					<Retreat_Enabled>False</Retreat_Enabled>
				</li>
				<li>
					<Retreat_Enabled>False</Retreat_Enabled>
				</li>
				<li>
					<Retreat_Enabled>False</Retreat_Enabled>
				</li>
				<li>
					<Retreat_Enabled>False</Retreat_Enabled>
				</li>
				<li>
					<Retreat_Enabled>False</Retreat_Enabled>
				</li>
				<li>
					<Retreat_Enabled>False</Retreat_Enabled>
				</li>
				<li>
					<Retreat_Enabled>False</Retreat_Enabled>
				</li>
				<li>
					<Retreat_Enabled>False</Retreat_Enabled>
				</li>
				<li>
					<Retreat_Enabled>False</Retreat_Enabled>
				</li>
				<li>
					<Retreat_Enabled>False</Retreat_Enabled>
				</li>
				<li>
					<Retreat_Enabled>False</Retreat_Enabled>
				</li>
				<li>
					<Retreat_Enabled>False</Retreat_Enabled>
				</li>
				<li>
					<Retreat_Enabled>False</Retreat_Enabled>
				</li>
				<li>
					<Retreat_Enabled>False</Retreat_Enabled>
				</li>
				<li>
					<Retreat_Enabled>False</Retreat_Enabled>
				</li>
				<li>
					<Retreat_Enabled>False</Retreat_Enabled>
				</li>
				<li>
					<Retreat_Enabled>False</Retreat_Enabled>
				</li>
				<li>
					<Retreat_Enabled>False</Retreat_Enabled>
				</li>
				<li>
					<Retreat_Enabled>False</Retreat_Enabled>
				</li>
				<li>
					<Retreat_Enabled>False</Retreat_Enabled>
				</li>
				<li>
					<Retreat_Enabled>False</Retreat_Enabled>
				</li>
				<li>
					<Retreat_Enabled>False</Retreat_Enabled>
				</li>
				<li>
					<Retreat_Enabled>False</Retreat_Enabled>
				</li>
				<li>
					<Retreat_Enabled>False</Retreat_Enabled>
				</li>
				<li>
					<Retreat_Enabled>False</Retreat_Enabled>
				</li>
				<li>
					<Retreat_Enabled>False</Retreat_Enabled>
				</li>
				<li>
					<Retreat_Enabled>False</Retreat_Enabled>
				</li>
				<li>
					<Retreat_Enabled>False</Retreat_Enabled>
				</li>
				<li>
					<Retreat_Enabled>False</Retreat_Enabled>
				</li>
				<li>
					<Retreat_Enabled>False</Retreat_Enabled>
				</li>
				<li>
					<Retreat_Enabled>False</Retreat_Enabled>
				</li>
				<li>
					<Retreat_Enabled>False</Retreat_Enabled>
				</li>
				<li>
					<Retreat_Enabled>False</Retreat_Enabled>
				</li>
				<li>
					<Retreat_Enabled>False</Retreat_Enabled>
				</li>
				<li>
					<Retreat_Enabled>False</Retreat_Enabled>
				</li>
				<li>
					<Retreat_Enabled>False</Retreat_Enabled>
				</li>
				<li>
					<Retreat_Enabled>False</Retreat_Enabled>
				</li>
				<li>
					<Retreat_Enabled>False</Retreat_Enabled>
				</li>
				<li>
					<Retreat_Enabled>False</Retreat_Enabled>
				</li>
				<li>
					<Retreat_Enabled>False</Retreat_Enabled>
				</li>
				<li>
					<Retreat_Enabled>False</Retreat_Enabled>
				</li>
				<li>
					<Retreat_Enabled>False</Retreat_Enabled>
				</li>
				<li>
					<Retreat_Enabled>False</Retreat_Enabled>
				</li>
				<li>
					<Retreat_Enabled>False</Retreat_Enabled>
				</li>
				<li>
					<Retreat_Enabled>False</Retreat_Enabled>
				</li>
				<li>
					<Retreat_Enabled>False</Retreat_Enabled>
				</li>
				<li>
					<Retreat_Enabled>False</Retreat_Enabled>
				</li>
				<li>
					<Retreat_Enabled>False</Retreat_Enabled>
				</li>
				<li>
					<Retreat_Enabled>False</Retreat_Enabled>
				</li>
				<li>
					<Retreat_Enabled>False</Retreat_Enabled>
				</li>
				<li>
					<Retreat_Enabled>False</Retreat_Enabled>
				</li>
				<li>
					<Retreat_Enabled>False</Retreat_Enabled>
				</li>
				<li>
					<Retreat_Enabled>False</Retreat_Enabled>
				</li>
				<li>
					<Retreat_Enabled>False</Retreat_Enabled>
				</li>
				<li>
					<Retreat_Enabled>False</Retreat_Enabled>
				</li>
				<li>
					<Retreat_Enabled>False</Retreat_Enabled>
				</li>
				<li>
					<Retreat_Enabled>False</Retreat_Enabled>
				</li>
				<li>
					<Retreat_Enabled>False</Retreat_Enabled>
				</li>
				<li>
					<Retreat_Enabled>False</Retreat_Enabled>
				</li>
				<li>
					<Retreat_Enabled>False</Retreat_Enabled>
				</li>
				<li>
					<Retreat_Enabled>False</Retreat_Enabled>
				</li>
				<li>
					<Retreat_Enabled>False</Retreat_Enabled>
				</li>
				<li>
					<Retreat_Enabled>False</Retreat_Enabled>
				</li>
				<li>
					<Retreat_Enabled>False</Retreat_Enabled>
				</li>
				<li>
					<Retreat_Enabled>False</Retreat_Enabled>
				</li>
				<li>
					<Retreat_Enabled>False</Retreat_Enabled>
				</li>
				<li>
					<Retreat_Enabled>False</Retreat_Enabled>
				</li>
				<li>
					<Retreat_Enabled>False</Retreat_Enabled>
				</li>
				<li>
					<Retreat_Enabled>False</Retreat_Enabled>
				</li>
				<li>
					<Retreat_Enabled>False</Retreat_Enabled>
				</li>
				<li>
					<Retreat_Enabled>False</Retreat_Enabled>
				</li>
				<li>
					<Retreat_Enabled>False</Retreat_Enabled>
				</li>
				<li>
					<Retreat_Enabled>False</Retreat_Enabled>
				</li>
				<li>
					<Retreat_Enabled>False</Retreat_Enabled>
				</li>
				<li>
					<Retreat_Enabled>False</Retreat_Enabled>
				</li>
				<li>
					<Retreat_Enabled>False</Retreat_Enabled>
				</li>
				<li>
					<Retreat_Enabled>False</Retreat_Enabled>
				</li>
				<li>
					<Retreat_Enabled>False</Retreat_Enabled>
				</li>
				<li>
					<Retreat_Enabled>False</Retreat_Enabled>
				</li>
				<li>
					<Retreat_Enabled>False</Retreat_Enabled>
				</li>
				<li>
					<Retreat_Enabled>False</Retreat_Enabled>
				</li>
				<li>
					<Retreat_Enabled>False</Retreat_Enabled>
				</li>
				<li>
					<Retreat_Enabled>False</Retreat_Enabled>
				</li>
				<li>
					<Retreat_Enabled>False</Retreat_Enabled>
				</li>
				<li>
					<Retreat_Enabled>False</Retreat_Enabled>
				</li>
				<li>
					<Retreat_Enabled>False</Retreat_Enabled>
				</li>
				<li>
					<Retreat_Enabled>False</Retreat_Enabled>
				</li>
				<li>
					<Retreat_Enabled>False</Retreat_Enabled>
				</li>
				<li>
					<Retreat_Enabled>False</Retreat_Enabled>
				</li>
				<li>
					<Retreat_Enabled>False</Retreat_Enabled>
				</li>
				<li>
					<Retreat_Enabled>False</Retreat_Enabled>
				</li>
				<li>
					<Retreat_Enabled>False</Retreat_Enabled>
				</li>
				<li>
					<Retreat_Enabled>False</Retreat_Enabled>
				</li>
				<li>
					<Retreat_Enabled>False</Retreat_Enabled>
				</li>
				<li>
					<Retreat_Enabled>False</Retreat_Enabled>
				</li>
				<li>
					<Retreat_Enabled>False</Retreat_Enabled>
				</li>
				<li>
					<Retreat_Enabled>False</Retreat_Enabled>
				</li>
				<li>
					<Retreat_Enabled>False</Retreat_Enabled>
				</li>
				<li>
					<Retreat_Enabled>False</Retreat_Enabled>
				</li>
				<li>
					<Retreat_Enabled>False</Retreat_Enabled>
				</li>
				<li>
					<Retreat_Enabled>False</Retreat_Enabled>
				</li>
				<li>
					<Retreat_Enabled>False</Retreat_Enabled>
				</li>
				<li>
					<Retreat_Enabled>False</Retreat_Enabled>
				</li>
				<li>
					<Retreat_Enabled>False</Retreat_Enabled>
				</li>
				<li>
					<Retreat_Enabled>False</Retreat_Enabled>
				</li>
				<li>
					<Retreat_Enabled>False</Retreat_Enabled>
				</li>
				<li>
					<Retreat_Enabled>False</Retreat_Enabled>
				</li>
				<li>
					<Retreat_Enabled>False</Retreat_Enabled>
				</li>
				<li>
					<Retreat_Enabled>False</Retreat_Enabled>
				</li>
				<li>
					<Retreat_Enabled>False</Retreat_Enabled>
				</li>
				<li>
					<Retreat_Enabled>False</Retreat_Enabled>
				</li>
				<li>
					<Retreat_Enabled>False</Retreat_Enabled>
				</li>
				<li>
					<Retreat_Enabled>False</Retreat_Enabled>
				</li>
				<li>
					<Retreat_Enabled>False</Retreat_Enabled>
				</li>
				<li>
					<Retreat_Enabled>False</Retreat_Enabled>
				</li>
				<li>
					<Retreat_Enabled>False</Retreat_Enabled>
				</li>
				<li>
					<Retreat_Enabled>False</Retreat_Enabled>
				</li>
				<li>
					<Retreat_Enabled>False</Retreat_Enabled>
				</li>
				<li>
					<Retreat_Enabled>False</Retreat_Enabled>
				</li>
				<li>
					<Retreat_Enabled>False</Retreat_Enabled>
				</li>
				<li>
					<Retreat_Enabled>False</Retreat_Enabled>
				</li>
				<li>
					<Retreat_Enabled>False</Retreat_Enabled>
				</li>
				<li>
					<Retreat_Enabled>False</Retreat_Enabled>
				</li>
				<li>
					<Retreat_Enabled>False</Retreat_Enabled>
				</li>
				<li>
					<Retreat_Enabled>False</Retreat_Enabled>
				</li>
			</values>
		</raceSettings2>
		<FinishedQuickSetup2.17>True</FinishedQuickSetup2.17>
		<Pathfinding_DestWeight.17>0.725</Pathfinding_DestWeight.17>
		<Pathfinding_SquadPathWidth.17>2</Pathfinding_SquadPathWidth.17>
		<FogOfWar_FogColor.17>0.5</FogOfWar_FogColor.17>
		<Enable_Sprinting.17>False</Enable_Sprinting.17>
		<Pathfinding_SappingMul2.17>1.3</Pathfinding_SappingMul2.17>
		<FactionSettings.17>
			<li>
				<retreat.17>1</retreat.17>
				<duck.17>1</duck.17>
				<cover.17>1</cover.17>
				<sapping.17>1</sapping.17>
				<pathing.17>0.1</pathing.17>
				<group.17>1</group.17>
			</li>
			<li>
				<tech.17>Animal</tech.17>
				<cover.17>0.25</cover.17>
				<sapping.17>0.25</sapping.17>
				<pathing.17>1.15</pathing.17>
				<group.17>2</group.17>
			</li>
			<li>
				<tech.17>Neolithic</tech.17>
				<cover.17>0.25</cover.17>
				<sapping.17>0.5</sapping.17>
				<pathing.17>1.1</pathing.17>
				<group.17>2</group.17>
			</li>
			<li>
				<tech.17>Medieval</tech.17>
				<retreat.17>0.25</retreat.17>
				<duck.17>0.25</duck.17>
				<cover.17>0.5</cover.17>
				<sapping.17>0.75</sapping.17>
				<pathing.17>1</pathing.17>
				<group.17>2</group.17>
			</li>
			<li>
				<tech.17>Industrial</tech.17>
				<retreat.17>0.75</retreat.17>
				<duck.17>0.75</duck.17>
				<cover.17>1</cover.17>
				<sapping.17>1</sapping.17>
				<pathing.17>1</pathing.17>
				<group.17>1.25</group.17>
			</li>
			<li>
				<tech.17>Spacer</tech.17>
				<retreat.17>0.95</retreat.17>
				<duck.17>0.95</duck.17>
				<cover.17>1</cover.17>
				<sapping.17>1</sapping.17>
				<pathing.17>1</pathing.17>
				<group.17>1</group.17>
			</li>
			<li>
				<tech.17>Archotech</tech.17>
				<retreat.17>1</retreat.17>
				<duck.17>1</duck.17>
				<cover.17>1</cover.17>
				<sapping.17>1</sapping.17>
				<pathing.17>1</pathing.17>
				<group.17>1</group.17>
			</li>
			<li>
				<tech.17>Ultra</tech.17>
				<retreat.17>1</retreat.17>
				<duck.17>1</duck.17>
				<cover.17>1</cover.17>
				<sapping.17>0.9</sapping.17>
				<pathing.17>1</pathing.17>
				<group.17>1</group.17>
			</li>
		</FactionSettings.17>
	</ModSettings>
</SettingsBlock>