﻿<?xml version="1.0" encoding="utf-8"?>
<SettingsBlock>
	<ModSettings Class="MapDesigner.MapDesignerSettings">
		<configs />
		<hillRadialAmt>1</hillRadialAmt>
		<oreCommonality>
			<keys>
				<li>MineableSteel</li>
				<li>MineableSilver</li>
				<li>MineableGold</li>
				<li>MineableUranium</li>
				<li>MineablePlasteel</li>
				<li>MineableJade</li>
				<li>MineableComponentsIndustrial</li>
				<li>MineableDiamond</li>
				<li>MineableRuby</li>
				<li>MineableSapphire</li>
				<li>WDMineableCoal</li>
			</keys>
			<values>
				<li>1</li>
				<li>1</li>
				<li>1</li>
				<li>1</li>
				<li>1</li>
				<li>1</li>
				<li>1</li>
				<li>1</li>
				<li>1</li>
				<li>1</li>
				<li>1</li>
			</values>
		</oreCommonality>
		<allowedRocks>
			<keys>
				<li>Sandstone</li>
				<li>Granite</li>
				<li>Limestone</li>
				<li>Slate</li>
				<li>Marble</li>
			</keys>
			<values>
				<li>True</li>
				<li>True</li>
				<li>True</li>
				<li>True</li>
				<li>True</li>
			</values>
		</allowedRocks>
		<niSize>0.75</niSize>
	</ModSettings>
</SettingsBlock>