﻿<?xml version="1.0" encoding="utf-8"?>
<SettingsBlock>
	<ModSettings Class="RimWorldHolsters.IR_HolstersSettings">
		<groupsCordSettings3>
			<li>
				<name>Long Ranged</name>
				<pos>
					<keys>
						<li>2</li>
						<li>0</li>
						<li>1</li>
						<li>3</li>
					</keys>
					<values>
						<li>(-1.0, 0.0, 1.0)</li>
						<li>(0.0, 0.0, 0.0)</li>
						<li>(-2.0, 0.0, 0.0)</li>
						<li>(2.0, 0.0, 0.0)</li>
					</values>
				</pos>
				<angle>
					<keys>
						<li>2</li>
						<li>0</li>
						<li>1</li>
						<li>3</li>
					</keys>
					<values>
						<li>255</li>
						<li>310</li>
						<li>295</li>
						<li>255</li>
					</values>
				</angle>
				<flip>
					<keys>
						<li>2</li>
						<li>0</li>
						<li>1</li>
						<li>3</li>
					</keys>
					<values>
						<li>True</li>
						<li>False</li>
						<li>False</li>
						<li>True</li>
					</values>
				</flip>
				<bodyOffsetModifs>
					<keys>
						<li>male</li>
						<li>female</li>
						<li>fat</li>
						<li>hulk</li>
						<li>thin</li>
					</keys>
					<values>
						<li>0</li>
						<li>0</li>
						<li>1</li>
						<li>0.5</li>
						<li>-0.2</li>
					</values>
				</bodyOffsetModifs>
				<bodyOffset>
					<keys>
						<li>2</li>
						<li>0</li>
						<li>1</li>
						<li>3</li>
					</keys>
					<values>
						<li>(0.0, 0.0, 0.0)</li>
						<li>(0.0, 0.0, 0.0)</li>
						<li>(-2.0, 0.0, 0.0)</li>
						<li>(2.0, 0.0, 0.0)</li>
					</values>
				</bodyOffset>
				<size>
					<keys>
						<li>2</li>
						<li>0</li>
						<li>1</li>
						<li>3</li>
					</keys>
					<values>
						<li>1</li>
						<li>1</li>
						<li>1</li>
						<li>1</li>
					</values>
				</size>
				<isFront>
					<keys>
						<li>2</li>
						<li>0</li>
						<li>1</li>
						<li>3</li>
					</keys>
					<values>
						<li>False</li>
						<li>True</li>
						<li>True</li>
						<li>False</li>
					</values>
				</isFront>
				<posSide>
					<keys>
						<li>2</li>
						<li>0</li>
						<li>1</li>
						<li>3</li>
					</keys>
					<values>
						<li>(1.5, 0.0, 0.0)</li>
						<li>(-1.0, 0.0, 0.5)</li>
						<li>(-2.0, 0.0, 0.5)</li>
						<li>(2.0, 0.0, 0.5)</li>
					</values>
				</posSide>
				<angleSide>
					<keys>
						<li>2</li>
						<li>0</li>
						<li>1</li>
						<li>3</li>
					</keys>
					<values>
						<li>275</li>
						<li>265</li>
						<li>290</li>
						<li>255</li>
					</values>
				</angleSide>
				<flipSide>
					<keys>
						<li>2</li>
						<li>0</li>
						<li>1</li>
						<li>3</li>
					</keys>
					<values>
						<li>False</li>
						<li>True</li>
						<li>False</li>
						<li>True</li>
					</values>
				</flipSide>
				<bodyOffsetModifsSide>
					<keys>
						<li>male</li>
						<li>female</li>
						<li>fat</li>
						<li>hulk</li>
						<li>thin</li>
					</keys>
					<values>
						<li>0</li>
						<li>0</li>
						<li>1</li>
						<li>0.5</li>
						<li>-0.2</li>
					</values>
				</bodyOffsetModifsSide>
				<bodyOffsetSide>
					<keys>
						<li>2</li>
						<li>0</li>
						<li>1</li>
						<li>3</li>
					</keys>
					<values>
						<li>(1.0, 0.0, 0.0)</li>
						<li>(-1.0, 0.0, 0.0)</li>
						<li>(-2.0, 0.0, 0.0)</li>
						<li>(2.0, 0.0, 0.0)</li>
					</values>
				</bodyOffsetSide>
				<isFrontSide>
					<keys>
						<li>2</li>
						<li>0</li>
						<li>1</li>
						<li>3</li>
					</keys>
					<values>
						<li>False</li>
						<li>True</li>
						<li>False</li>
						<li>True</li>
					</values>
				</isFrontSide>
				<weapons>
					<li>Gun_MiniTurret</li>
					<li>Gun_AutocannonTurret</li>
					<li>Gun_TurretSniper</li>
					<li>Artillery_Mortar</li>
					<li>Gun_TurretFoam</li>
					<li>Gun_RocketswarmLauncher</li>
					<li>Gun_IncendiaryLauncher</li>
					<li>Gun_SmokeLauncher</li>
					<li>Gun_EmpLauncher</li>
					<li>Gun_BoltActionRifle</li>
					<li>Gun_PumpShotgun</li>
					<li>Gun_ChainShotgun</li>
					<li>Gun_HeavySMG</li>
					<li>Gun_LMG</li>
					<li>Gun_AssaultRifle</li>
					<li>Gun_SniperRifle</li>
					<li>Gun_Minigun</li>
					<li>Gun_ChargeBlasterHeavy</li>
					<li>Gun_InfernoCannon</li>
					<li>Gun_Needle</li>
					<li>Pila</li>
					<li>Gun_ChargeRifle</li>
					<li>Gun_ChargeLance</li>
					<li>Gun_ThumpCannon</li>
					<li>Gun_ChargeBlasterHeavyTurret</li>
					<li>Gun_InfernoCannonTurret</li>
					<li>Gun_ToxbombLauncher</li>
					<li>Flamebow</li>
					<li>Gun_HellsphereCannon</li>
					<li>Gun_MiniShotgun</li>
					<li>Gun_Slugthrower</li>
					<li>Gun_Spiner</li>
					<li>Gun_MiniFlameblaster</li>
					<li>Gun_BeamGraser</li>
					<li>Gun_ToxicNeedle</li>
					<li>Gun_NeedleLauncher</li>
					<li>Gun_ChargeBlasterTurret</li>
					<li>VWE_SmokeGrenade</li>
					<li>VWE_FlashGrenade</li>
					<li>Gun_TripleRocket</li>
					<li>Gun_DoomsdayRocket</li>
					<li>VWE_Gun_RocketLauncher</li>
					<li>VWE_Bow_Compound</li>
					<li>VWE_Gun_HandCannon</li>
					<li>VWE_CombatHandgun</li>
					<li>VWE_SawedOffShotgun</li>
					<li>VWE_Gun_GrenadeLauncher</li>
					<li>VWE_Gun_Flamethrower</li>
					<li>VWE_Gun_FireExtinguisher</li>
					<li>VWE_Gun_SemiAutomaticRifle</li>
					<li>VWE_Gun_LeverActionRifle</li>
					<li>VWE_Gun_LightSMG</li>
					<li>VWE_Gun_SMG</li>
					<li>VWE_Gun_HMG</li>
					<li>VWE_Gun_ServiceRifle</li>
					<li>VWE_Gun_BattleRifle</li>
					<li>VWE_Gun_Carbine</li>
					<li>VWE_Gun_MarksmanRifle</li>
					<li>VWE_Gun_AntiMaterialRifle</li>
					<li>VWE_Bow_Crossbow</li>
					<li>VWE_Gun_Musket</li>
					<li>VWE_Throwing_Rocks</li>
					<li>VWE_Bow_Long</li>
					<li>VWE_Gun_ChargePistol</li>
					<li>VWE_Gun_ChargeShotgun</li>
					<li>VWE_Gun_ChargeSMG</li>
					<li>VWE_Gun_ChargeLMG</li>
					<li>VWE_Gun_ChargeSniperRifle</li>
					<li>VWE_Gun_ChargeMinigun</li>
					<li>VWE_Gun_ChargeRocketLauncher</li>
					<li>VFEM_Bow_HeavyCrossbow</li>
					<li>VFES_Gun_DoubleBarreledShotgun</li>
					<li>VFES_Gun_HuntingRifle</li>
					<li>VFEI_TurretArmoredShuttle</li>
					<li>VFEE_Gun_StrikerTurret</li>
					<li>VEE_Gun_Fletcher</li>
					<li>VFEE_Gun_ChargeThumper</li>
					<li>VFEP_WarcasketGun_CryptoCannon</li>
					<li>VFEP_GauntletChargeCanon</li>
					<li>VFEP_Artillery_FieldGun</li>
					<li>VFEP_Artillery_Cannon</li>
					<li>VFEPGun_MiniBlaster</li>
					<li>VFEP_WarcasketGun_Autorifle</li>
					<li>VFEP_WarcasketGun_UraniumSlugRifle</li>
					<li>VFEP_WarcasketGun_Slugthrower</li>
					<li>VFEP_WarcasketGun_Minigun</li>
					<li>VFEP_WarcasketGun_GrenadeLauncher</li>
					<li>VFEP_WarcasketGun_HeavyFlamer</li>
					<li>VFEP_WarcasketGun_ChargeLance</li>
					<li>VFEP_WarcasketGun_HandheldCannon</li>
					<li>VFEP_WarcasketGun_ChargeBlaster</li>
					<li>VFE_ThrowingAxe</li>
					<li>VFE_Harpoon</li>
					<li>VFEV_CryptoHeavyCrossbow</li>
					<li>VFEV_CryptoLightCrossbow</li>
					<li>VFEV_CryptoPistol</li>
					<li>VFEV_CryptoRifle</li>
					<li>VFEC_TurretGun_Scorpion</li>
					<li>VFEC_Javelin</li>
					<li>VFEC_Weapon_Scorpion</li>
					<li>UncompromisingTribalFaction_GreatFlamebow</li>
					<li>VWEFT_Gun_RollingBlockRifle</li>
					<li>VWEFT_Gun_RepeatingShotgun</li>
					<li>VFED_Gun_Kontarion</li>
					<li>VFED_Gun_Palintone</li>
					<li>VFED_Gun_Onager</li>
					<li>VFED_Gun_ChargeCycler</li>
					<li>VFED_Gun_Fletchling</li>
					<li>VFES_Gun_FloorTurret</li>
					<li>VFES_Gun_HMGComplex</li>
					<li>VFES_TurretDoubleAutocannon_Top</li>
					<li>VFES_Artillery_Weapon</li>
					<li>VFES_Gun_ChargeComplex</li>
					<li>VFES_Gun_None</li>
					<li>VFES_Gun_MilitaryTurret</li>
					<li>VFES_Gun_Searchlight</li>
					<li>VFES_Gun_FlameTurret</li>
					<li>VFES_Gun_SentryTurret</li>
					<li>VFES_Gun_BallistaTurret</li>
					<li>VFES_Artillery_Catapult</li>
					<li>VFES_Gun_ChargeTurret</li>
					<li>VFES_Gun_RailgunTurret</li>
					<li>VFES_Gun_EMPTurret</li>
					<li>VWE_Gun_MakeshiftRifle</li>
					<li>VWE_Gun_MakeshiftShotgun</li>
					<li>VWE_Gun_MakeshiftLMG</li>
					<li>Gun_AntiArmor_Rocket</li>
					<li>K4G_Gun_LongGun</li>
					<li>K4G_Gun_Carbiner</li>
					<li>K4G_Gun_DuneRifle</li>
					<li>K4G_Gun_HeavyShotgun</li>
					<li>K4G_Gun_LightSMG</li>
					<li>K4G_Gun_AdvancedSMG</li>
					<li>K4G_Gun_CompactRifle</li>
					<li>K4G_Gun_BattleRifle</li>
				</weapons>
			</li>
			<li>
				<name>Short Ranged</name>
				<pos>
					<keys>
						<li>2</li>
						<li>0</li>
						<li>1</li>
						<li>3</li>
					</keys>
					<values>
						<li>(1.5, 0.0, -2.5)</li>
						<li>(-1.5, 0.0, -2.5)</li>
						<li>(0.0, 0.0, -2.5)</li>
						<li>(0.5, 0.0, -2.5)</li>
					</values>
				</pos>
				<angle>
					<keys>
						<li>2</li>
						<li>0</li>
						<li>1</li>
						<li>3</li>
					</keys>
					<values>
						<li>255</li>
						<li>-105</li>
						<li>-85</li>
						<li>255</li>
					</values>
				</angle>
				<flip>
					<keys>
						<li>2</li>
						<li>0</li>
						<li>1</li>
						<li>3</li>
					</keys>
					<values>
						<li>True</li>
						<li>True</li>
						<li>False</li>
						<li>True</li>
					</values>
				</flip>
				<bodyOffsetModifs>
					<keys>
						<li>male</li>
						<li>female</li>
						<li>fat</li>
						<li>hulk</li>
						<li>thin</li>
					</keys>
					<values>
						<li>0</li>
						<li>0</li>
						<li>1</li>
						<li>0.8</li>
						<li>-0.2</li>
					</values>
				</bodyOffsetModifs>
				<bodyOffset>
					<keys>
						<li>2</li>
						<li>0</li>
						<li>1</li>
						<li>3</li>
					</keys>
					<values>
						<li>(2.0, 0.0, -0.5)</li>
						<li>(-2.0, 0.0, -0.5)</li>
						<li>(-2.0, 0.0, 0.0)</li>
						<li>(2.0, 0.0, 0.0)</li>
					</values>
				</bodyOffset>
				<size>
					<keys>
						<li>2</li>
						<li>0</li>
						<li>1</li>
						<li>3</li>
					</keys>
					<values>
						<li>0.4999999</li>
						<li>0.4999999</li>
						<li>0.4999999</li>
						<li>0.4999999</li>
					</values>
				</size>
				<isFront>
					<keys>
						<li>2</li>
						<li>0</li>
						<li>1</li>
						<li>3</li>
					</keys>
					<values>
						<li>True</li>
						<li>False</li>
						<li>False</li>
						<li>True</li>
					</values>
				</isFront>
				<posSide>
					<keys>
						<li>2</li>
						<li>0</li>
						<li>1</li>
						<li>3</li>
					</keys>
					<values>
						<li>(-1.5, 0.0, -2.5)</li>
						<li>(1.5, 0.0, -2.5)</li>
						<li>(0.5, 0.0, -2.5)</li>
						<li>(0.0, 0.0, -2.5)</li>
					</values>
				</posSide>
				<angleSide>
					<keys>
						<li>2</li>
						<li>0</li>
						<li>1</li>
						<li>3</li>
					</keys>
					<values>
						<li>40</li>
						<li>155</li>
						<li>380</li>
						<li>145</li>
					</values>
				</angleSide>
				<flipSide>
					<keys>
						<li>2</li>
						<li>0</li>
						<li>1</li>
						<li>3</li>
					</keys>
					<values>
						<li>False</li>
						<li>True</li>
						<li>False</li>
						<li>True</li>
					</values>
				</flipSide>
				<bodyOffsetModifsSide>
					<keys>
						<li>male</li>
						<li>female</li>
						<li>fat</li>
						<li>hulk</li>
						<li>thin</li>
					</keys>
					<values>
						<li>0</li>
						<li>0</li>
						<li>1</li>
						<li>0.8</li>
						<li>-0.2</li>
					</values>
				</bodyOffsetModifsSide>
				<bodyOffsetSide>
					<keys>
						<li>2</li>
						<li>0</li>
						<li>1</li>
						<li>3</li>
					</keys>
					<values>
						<li>(-2.0, 0.0, -0.5)</li>
						<li>(2.0, 0.0, -0.5)</li>
						<li>(-2.0, 0.0, 0.0)</li>
						<li>(2.0, 0.0, 0.0)</li>
					</values>
				</bodyOffsetSide>
				<isFrontSide>
					<keys>
						<li>2</li>
						<li>0</li>
						<li>1</li>
						<li>3</li>
					</keys>
					<values>
						<li>True</li>
						<li>False</li>
						<li>True</li>
						<li>False</li>
					</values>
				</isFrontSide>
				<weapons>
					<li>Gun_Revolver</li>
					<li>Gun_Autopistol</li>
					<li>Gun_MachinePistol</li>
					<li>Gun_MiniTurretMech</li>
					<li>Artillery_AutoMortar</li>
					<li>Gun_GatlingGun</li>
					<li>VWEFT_Gun_HeavyRevolver</li>
					<li>VWEFT_Gun_VolcanicPistol</li>
					<li>VWEFT_Gun_FrontierPistol</li>
					<li>VWE_Gun_MakeshiftPistol</li>
					<li>VWE_Gun_MakeshiftSMG</li>
					<li>K4G_Gun_Snubgun</li>
					<li>K4G_Gun_Bolter</li>
					<li>K4G_Gun_AdvancedAutopistol</li>
					<li>K4G_Gun_PrecisionPistol</li>
					<li>VWE_Throwing_Knives</li>
					<li>VFES_Gun_DoubleActionRevolver</li>
					<li>VWE_Gun_Flintlock</li>
					<li>VFES_Tomahawk</li>
					<li>VFET_Throwspikes</li>
					<li>VWE_Throwing_Shards</li>
					<li>VWE_MeleeWeapon_TribalAxe</li>
					<li>VWE_MeleeWeapon_Axe</li>
					<li>VFE_MeleeWeapon_BeardedAxe</li>
				</weapons>
			</li>
			<li>
				<name>Bows</name>
				<pos>
					<keys>
						<li>2</li>
						<li>0</li>
						<li>1</li>
						<li>3</li>
					</keys>
					<values>
						<li>(-0.5, 0.0, 0.0)</li>
						<li>(0.0, 0.0, 0.0)</li>
						<li>(-2.0, 0.0, 0.0)</li>
						<li>(2.0, 0.0, 0.0)</li>
					</values>
				</pos>
				<angle>
					<keys>
						<li>2</li>
						<li>0</li>
						<li>1</li>
						<li>3</li>
					</keys>
					<values>
						<li>135</li>
						<li>35</li>
						<li>20</li>
						<li>340</li>
					</values>
				</angle>
				<flip>
					<keys>
						<li>2</li>
						<li>0</li>
						<li>1</li>
						<li>3</li>
					</keys>
					<values>
						<li>False</li>
						<li>False</li>
						<li>False</li>
						<li>False</li>
					</values>
				</flip>
				<bodyOffsetModifs>
					<keys>
						<li>male</li>
						<li>female</li>
						<li>fat</li>
						<li>hulk</li>
						<li>thin</li>
					</keys>
					<values>
						<li>0</li>
						<li>0</li>
						<li>1</li>
						<li>1</li>
						<li>-0.2</li>
					</values>
				</bodyOffsetModifs>
				<bodyOffset>
					<keys>
						<li>2</li>
						<li>0</li>
						<li>1</li>
						<li>3</li>
					</keys>
					<values>
						<li>(0.0, 0.0, 0.0)</li>
						<li>(0.0, 0.0, 0.0)</li>
						<li>(-1.0, 0.0, 0.0)</li>
						<li>(1.0, 0.0, 0.0)</li>
					</values>
				</bodyOffset>
				<size>
					<keys>
						<li>2</li>
						<li>0</li>
						<li>1</li>
						<li>3</li>
					</keys>
					<values>
						<li>1</li>
						<li>1</li>
						<li>1</li>
						<li>1</li>
					</values>
				</size>
				<isFront>
					<keys>
						<li>2</li>
						<li>0</li>
						<li>1</li>
						<li>3</li>
					</keys>
					<values>
						<li>False</li>
						<li>True</li>
						<li>True</li>
						<li>False</li>
					</values>
				</isFront>
				<posSide>
					<keys>
						<li>2</li>
						<li>0</li>
						<li>1</li>
						<li>3</li>
					</keys>
					<values>
						<li>(0.5, 0.0, -1.5)</li>
						<li>(0.0, 0.0, -2.0)</li>
						<li>(-0.5, 0.0, -2.0)</li>
						<li>(0.0, 0.0, -2.0)</li>
					</values>
				</posSide>
				<angleSide>
					<keys>
						<li>2</li>
						<li>0</li>
						<li>1</li>
						<li>3</li>
					</keys>
					<values>
						<li>110</li>
						<li>80</li>
						<li>80</li>
						<li>95</li>
					</values>
				</angleSide>
				<flipSide>
					<keys>
						<li>2</li>
						<li>0</li>
						<li>1</li>
						<li>3</li>
					</keys>
					<values>
						<li>False</li>
						<li>False</li>
						<li>False</li>
						<li>False</li>
					</values>
				</flipSide>
				<bodyOffsetModifsSide>
					<keys>
						<li>male</li>
						<li>female</li>
						<li>fat</li>
						<li>hulk</li>
						<li>thin</li>
					</keys>
					<values>
						<li>0</li>
						<li>0</li>
						<li>1</li>
						<li>1</li>
						<li>-0.2</li>
					</values>
				</bodyOffsetModifsSide>
				<bodyOffsetSide>
					<keys>
						<li>2</li>
						<li>0</li>
						<li>1</li>
						<li>3</li>
					</keys>
					<values>
						<li>(0.0, 0.0, 0.0)</li>
						<li>(0.0, 0.0, 0.0)</li>
						<li>(0.0, 0.0, 0.0)</li>
						<li>(0.0, 0.0, 0.0)</li>
					</values>
				</bodyOffsetSide>
				<isFrontSide>
					<keys>
						<li>2</li>
						<li>0</li>
						<li>1</li>
						<li>3</li>
					</keys>
					<values>
						<li>False</li>
						<li>True</li>
						<li>True</li>
						<li>False</li>
					</values>
				</isFrontSide>
				<weapons>
					<li>Bow_Short</li>
					<li>Bow_Recurve</li>
					<li>Bow_Great</li>
				</weapons>
			</li>
			<li>
				<name>Long Melee</name>
				<pos>
					<keys>
						<li>2</li>
						<li>0</li>
						<li>1</li>
						<li>3</li>
					</keys>
					<values>
						<li>(-0.5, 0.0, 0.5)</li>
						<li>(0.5, 0.0, -0.5)</li>
						<li>(-2.0, 0.0, 0.0)</li>
						<li>(2.0, 0.0, 0.0)</li>
					</values>
				</pos>
				<angle>
					<keys>
						<li>2</li>
						<li>0</li>
						<li>1</li>
						<li>3</li>
					</keys>
					<values>
						<li>55</li>
						<li>120</li>
						<li>110</li>
						<li>75</li>
					</values>
				</angle>
				<flip>
					<keys>
						<li>2</li>
						<li>0</li>
						<li>1</li>
						<li>3</li>
					</keys>
					<values>
						<li>True</li>
						<li>False</li>
						<li>False</li>
						<li>True</li>
					</values>
				</flip>
				<bodyOffsetModifs>
					<keys>
						<li>male</li>
						<li>female</li>
						<li>fat</li>
						<li>hulk</li>
						<li>thin</li>
					</keys>
					<values>
						<li>0.3</li>
						<li>0.3</li>
						<li>1</li>
						<li>0.8</li>
						<li>0</li>
					</values>
				</bodyOffsetModifs>
				<bodyOffset>
					<keys>
						<li>2</li>
						<li>0</li>
						<li>1</li>
						<li>3</li>
					</keys>
					<values>
						<li>(0.0, 0.0, 0.5)</li>
						<li>(0.0, 0.0, 0.5)</li>
						<li>(-2.0, 0.0, 0.0)</li>
						<li>(2.0, 0.0, 0.0)</li>
					</values>
				</bodyOffset>
				<size>
					<keys>
						<li>2</li>
						<li>0</li>
						<li>1</li>
						<li>3</li>
					</keys>
					<values>
						<li>1</li>
						<li>1</li>
						<li>1</li>
						<li>1</li>
					</values>
				</size>
				<isFront>
					<keys>
						<li>2</li>
						<li>0</li>
						<li>1</li>
						<li>3</li>
					</keys>
					<values>
						<li>False</li>
						<li>True</li>
						<li>True</li>
						<li>False</li>
					</values>
				</isFront>
				<posSide>
					<keys>
						<li>2</li>
						<li>0</li>
						<li>1</li>
						<li>3</li>
					</keys>
					<values>
						<li>(-1.5, 0.0, -0.5)</li>
						<li>(0.0, 0.0, -0.5)</li>
						<li>(-2.0, 0.0, -0.5)</li>
						<li>(1.0, 0.0, 0.5)</li>
					</values>
				</posSide>
				<angleSide>
					<keys>
						<li>2</li>
						<li>0</li>
						<li>1</li>
						<li>3</li>
					</keys>
					<values>
						<li>55</li>
						<li>115</li>
						<li>110</li>
						<li>75</li>
					</values>
				</angleSide>
				<flipSide>
					<keys>
						<li>2</li>
						<li>0</li>
						<li>1</li>
						<li>3</li>
					</keys>
					<values>
						<li>False</li>
						<li>False</li>
						<li>False</li>
						<li>False</li>
					</values>
				</flipSide>
				<bodyOffsetModifsSide>
					<keys>
						<li>male</li>
						<li>female</li>
						<li>fat</li>
						<li>hulk</li>
						<li>thin</li>
					</keys>
					<values>
						<li>0.3</li>
						<li>0.3</li>
						<li>1</li>
						<li>0.8</li>
						<li>0</li>
					</values>
				</bodyOffsetModifsSide>
				<bodyOffsetSide>
					<keys>
						<li>2</li>
						<li>0</li>
						<li>1</li>
						<li>3</li>
					</keys>
					<values>
						<li>(0.0, 0.0, 0.0)</li>
						<li>(0.0, 0.0, 0.0)</li>
						<li>(-2.0, 0.0, 0.0)</li>
						<li>(2.0, 0.0, 0.0)</li>
					</values>
				</bodyOffsetSide>
				<isFrontSide>
					<keys>
						<li>2</li>
						<li>0</li>
						<li>1</li>
						<li>3</li>
					</keys>
					<values>
						<li>False</li>
						<li>True</li>
						<li>True</li>
						<li>False</li>
					</values>
				</isFrontSide>
				<weapons>
					<li>ThrumboHorn</li>
					<li>ElephantTusk</li>
					<li>MeleeWeapon_BreachAxe</li>
					<li>MeleeWeapon_LongSword</li>
					<li>MeleeWeapon_Club</li>
					<li>MeleeWeapon_Spear</li>
					<li>MeleeWeapon_MonoSwordBladelink</li>
					<li>MeleeWeapon_ZeusHammerBladelink</li>
					<li>MeleeWeapon_PlasmaSwordBladelink</li>
					<li>MeleeWeapon_Axe</li>
					<li>MeleeWeapon_Warhammer</li>
					<li>MeleeWeapon_MonoSword</li>
					<li>MeleeWeapon_Zeushammer</li>
					<li>MeleeWeapon_PlasmaSword</li>
					<li>MeleeWeapon_PsyfocusStaff</li>
					<li>VWE_MeleeWeapon_Shovel</li>
					<li>VWE_MeleeWeapon_Hammer</li>
					<li>VWE_MeleeWeapon_BattleAxe</li>
					<li>VWE_MeleeWeapon_Halberd</li>
					<li>VFEE_MeleeWeapon_ToxbladeBladelink</li>
					<li>VFEE_MeleeWeapon_Toxblade</li>
					<li>VFEP_WarcasketMeleeWeapon_CombatKnife</li>
					<li>VFEP_WarcasketMeleeWeapon_Broadsword</li>
					<li>VFEP_WarcasketMeleeWeapon_GravityHammer</li>
					<li>VFEV_LothurrAntler</li>
					<li>VFE_MeleeWeapon_DaneAxe</li>
					<li>VFEV_CryptoHeavyAxe</li>
					<li>VFEV_CryptoLightAxe</li>
					<li>VFEC_MeleeWeapon_Spatha</li>
					<li>Owl_WoodLog</li>
					<li>VWE_MeleeWeapon_HeavyClub</li>
					<li>AEXP_WalrusTusk</li>
					<li>AEXP_RawFish</li>
					<li>K4G_MeleeWeapon_Sabre</li>
					<li>K4G_MeleeWeapon_Katana</li>
					<li>K4G_MeleeWeapon_Cleaver</li>
					<li>K4G_MeleeWeapon_Scimitar</li>
					<li>K4G_MeleeWeapon_Glaive</li>
				</weapons>
			</li>
			<li>
				<name>Short Melee</name>
				<pos>
					<keys>
						<li>2</li>
						<li>0</li>
						<li>1</li>
						<li>3</li>
					</keys>
					<values>
						<li>(1.0, 0.0, -4.5)</li>
						<li>(-2.0, 0.0, -4.5)</li>
						<li>(0.5, 0.0, -3.5)</li>
						<li>(-0.5, 0.0, -4.0)</li>
					</values>
				</pos>
				<angle>
					<keys>
						<li>2</li>
						<li>0</li>
						<li>1</li>
						<li>3</li>
					</keys>
					<values>
						<li>70</li>
						<li>105</li>
						<li>110</li>
						<li>75</li>
					</values>
				</angle>
				<flip>
					<keys>
						<li>2</li>
						<li>0</li>
						<li>1</li>
						<li>3</li>
					</keys>
					<values>
						<li>True</li>
						<li>False</li>
						<li>False</li>
						<li>True</li>
					</values>
				</flip>
				<bodyOffsetModifs>
					<keys>
						<li>male</li>
						<li>female</li>
						<li>fat</li>
						<li>hulk</li>
						<li>thin</li>
					</keys>
					<values>
						<li>0</li>
						<li>0</li>
						<li>0.9999999</li>
						<li>0.25</li>
						<li>-0.2</li>
					</values>
				</bodyOffsetModifs>
				<bodyOffset>
					<keys>
						<li>2</li>
						<li>0</li>
						<li>1</li>
						<li>3</li>
					</keys>
					<values>
						<li>(2.0, 0.0, 0.0)</li>
						<li>(-2.0, 0.0, 0.0)</li>
						<li>(-1.0, 0.0, 0.0)</li>
						<li>(1.0, 0.0, 0.0)</li>
					</values>
				</bodyOffset>
				<size>
					<keys>
						<li>2</li>
						<li>0</li>
						<li>1</li>
						<li>3</li>
					</keys>
					<values>
						<li>0.6999999</li>
						<li>0.7</li>
						<li>0.7</li>
						<li>0.7</li>
					</values>
				</size>
				<isFront>
					<keys>
						<li>2</li>
						<li>0</li>
						<li>1</li>
						<li>3</li>
					</keys>
					<values>
						<li>True</li>
						<li>False</li>
						<li>False</li>
						<li>True</li>
					</values>
				</isFront>
				<posSide>
					<keys>
						<li>2</li>
						<li>0</li>
						<li>1</li>
						<li>3</li>
					</keys>
					<values>
						<li>(-1.5, 0.0, -2.0)</li>
						<li>(1.5, 0.0, -2.0)</li>
						<li>(0.5, 0.0, -2.0)</li>
						<li>(-0.5, 0.0, -2.0)</li>
					</values>
				</posSide>
				<angleSide>
					<keys>
						<li>2</li>
						<li>0</li>
						<li>1</li>
						<li>3</li>
					</keys>
					<values>
						<li>115</li>
						<li>75</li>
						<li>135</li>
						<li>50</li>
					</values>
				</angleSide>
				<flipSide>
					<keys>
						<li>2</li>
						<li>0</li>
						<li>1</li>
						<li>3</li>
					</keys>
					<values>
						<li>False</li>
						<li>True</li>
						<li>False</li>
						<li>True</li>
					</values>
				</flipSide>
				<bodyOffsetModifsSide>
					<keys>
						<li>male</li>
						<li>female</li>
						<li>fat</li>
						<li>hulk</li>
						<li>thin</li>
					</keys>
					<values>
						<li>0</li>
						<li>0</li>
						<li>1</li>
						<li>0.25</li>
						<li>-0.2</li>
					</values>
				</bodyOffsetModifsSide>
				<bodyOffsetSide>
					<keys>
						<li>2</li>
						<li>0</li>
						<li>1</li>
						<li>3</li>
					</keys>
					<values>
						<li>(-2.0, 0.0, 0.0)</li>
						<li>(2.0, 0.0, 0.0)</li>
						<li>(-1.0, 0.0, 0.0)</li>
						<li>(1.0, 0.0, 0.0)</li>
					</values>
				</bodyOffsetSide>
				<isFrontSide>
					<keys>
						<li>2</li>
						<li>0</li>
						<li>1</li>
						<li>3</li>
					</keys>
					<values>
						<li>True</li>
						<li>False</li>
						<li>True</li>
						<li>False</li>
					</values>
				</isFrontSide>
				<weapons>
					<li>MeleeWeapon_Mace</li>
					<li>MeleeWeapon_Gladius</li>
					<li>MeleeWeapon_Knife</li>
					<li>MeleeWeapon_Ikwa</li>
					<li>VFEM_MeleeWeapon_HeavyMace</li>
					<li>VFET_Stake</li>
					<li>VFE_MeleeWeapon_Seax</li>
					<li>VFEC_MeleeWeapon_Dagger</li>
					<li>VWE_MeleeWeapon_Shiv</li>
					<li>VWE_MeleeWeapon_LightClub</li>
					<li>K4G_MeleeWeapon_Baton</li>
					<li>VWE_MeleeWeapon_CombatKnife</li>
					<li>VWE_MeleeWeapon_Baton</li>
				</weapons>
			</li>
			<li>
				<name>Grenades</name>
				<pos>
					<keys>
						<li>2</li>
						<li>0</li>
						<li>1</li>
						<li>3</li>
					</keys>
					<values>
						<li>(0.5, 0.0, -2.5)</li>
						<li>(-0.5, 0.0, -2.5)</li>
						<li>(1.0, 0.0, -2.5)</li>
						<li>(-1.0, 0.0, -2.5)</li>
					</values>
				</pos>
				<angle>
					<keys>
						<li>2</li>
						<li>0</li>
						<li>1</li>
						<li>3</li>
					</keys>
					<values>
						<li>-20</li>
						<li>320</li>
						<li>280</li>
						<li>30</li>
					</values>
				</angle>
				<flip>
					<keys>
						<li>2</li>
						<li>0</li>
						<li>1</li>
						<li>3</li>
					</keys>
					<values>
						<li>False</li>
						<li>False</li>
						<li>False</li>
						<li>False</li>
					</values>
				</flip>
				<bodyOffsetModifs>
					<keys>
						<li>male</li>
						<li>female</li>
						<li>fat</li>
						<li>hulk</li>
						<li>thin</li>
					</keys>
					<values>
						<li>0</li>
						<li>0</li>
						<li>1</li>
						<li>0.5</li>
						<li>-0.2</li>
					</values>
				</bodyOffsetModifs>
				<bodyOffset>
					<keys>
						<li>2</li>
						<li>0</li>
						<li>1</li>
						<li>3</li>
					</keys>
					<values>
						<li>(-1.0, 0.0, -0.5)</li>
						<li>(1.0, 0.0, -0.5)</li>
						<li>(1.0, 0.0, 0.0)</li>
						<li>(-1.0, 0.0, 0.0)</li>
					</values>
				</bodyOffset>
				<size>
					<keys>
						<li>2</li>
						<li>0</li>
						<li>1</li>
						<li>3</li>
					</keys>
					<values>
						<li>0.6</li>
						<li>0.6</li>
						<li>0.6</li>
						<li>0.6</li>
					</values>
				</size>
				<isFront>
					<keys>
						<li>2</li>
						<li>0</li>
						<li>1</li>
						<li>3</li>
					</keys>
					<values>
						<li>True</li>
						<li>False</li>
						<li>False</li>
						<li>True</li>
					</values>
				</isFront>
				<posSide>
					<keys>
						<li>2</li>
						<li>0</li>
						<li>1</li>
						<li>3</li>
					</keys>
					<values>
						<li>(-1.5, 0.0, -2.0)</li>
						<li>(1.5, 0.0, -2.0)</li>
						<li>(2.0, 0.0, -0.5)</li>
						<li>(-2.0, 0.0, -0.5)</li>
					</values>
				</posSide>
				<angleSide>
					<keys>
						<li>2</li>
						<li>0</li>
						<li>1</li>
						<li>3</li>
					</keys>
					<values>
						<li>10</li>
						<li>320</li>
						<li>260</li>
						<li>285</li>
					</values>
				</angleSide>
				<flipSide>
					<keys>
						<li>2</li>
						<li>0</li>
						<li>1</li>
						<li>3</li>
					</keys>
					<values>
						<li>False</li>
						<li>True</li>
						<li>False</li>
						<li>True</li>
					</values>
				</flipSide>
				<bodyOffsetModifsSide>
					<keys>
						<li>male</li>
						<li>female</li>
						<li>fat</li>
						<li>hulk</li>
						<li>thin</li>
					</keys>
					<values>
						<li>0</li>
						<li>0</li>
						<li>1</li>
						<li>0.5</li>
						<li>-0.2</li>
					</values>
				</bodyOffsetModifsSide>
				<bodyOffsetSide>
					<keys>
						<li>2</li>
						<li>0</li>
						<li>1</li>
						<li>3</li>
					</keys>
					<values>
						<li>(-1.5, 0.0, 0.0)</li>
						<li>(1.5, 0.0, 0.0)</li>
						<li>(1.0, 0.0, 0.0)</li>
						<li>(-1.0, 0.0, 0.0)</li>
					</values>
				</bodyOffsetSide>
				<isFrontSide>
					<keys>
						<li>2</li>
						<li>0</li>
						<li>1</li>
						<li>3</li>
					</keys>
					<values>
						<li>True</li>
						<li>False</li>
						<li>False</li>
						<li>True</li>
					</values>
				</isFrontSide>
				<weapons>
					<li>Weapon_GrenadeFrag</li>
					<li>Weapon_GrenadeMolotov</li>
					<li>Weapon_GrenadeEMP</li>
					<li>Weapon_GrenadeTox</li>
					<li>VFES_Weapon_GrenadeDynamite</li>
					<li>VWE_Weapon_FireBomb</li>
				</weapons>
			</li>
			<li>
				<isDisplay>False</isDisplay>
				<name>Do not display</name>
				<pos>
					<keys>
						<li>2</li>
						<li>0</li>
						<li>1</li>
						<li>3</li>
					</keys>
					<values>
						<li>(0.0, 0.0, 0.0)</li>
						<li>(0.0, 0.0, 0.0)</li>
						<li>(0.0, 0.0, 0.0)</li>
						<li>(0.0, 0.0, 0.0)</li>
					</values>
				</pos>
				<angle>
					<keys>
						<li>2</li>
						<li>0</li>
						<li>1</li>
						<li>3</li>
					</keys>
					<values>
						<li>0</li>
						<li>0</li>
						<li>0</li>
						<li>0</li>
					</values>
				</angle>
				<flip>
					<keys>
						<li>2</li>
						<li>0</li>
						<li>1</li>
						<li>3</li>
					</keys>
					<values>
						<li>True</li>
						<li>False</li>
						<li>False</li>
						<li>True</li>
					</values>
				</flip>
				<bodyOffsetModifs>
					<keys>
						<li>male</li>
						<li>female</li>
						<li>fat</li>
						<li>hulk</li>
						<li>thin</li>
					</keys>
					<values>
						<li>0</li>
						<li>0</li>
						<li>1</li>
						<li>0.5</li>
						<li>-0.2</li>
					</values>
				</bodyOffsetModifs>
				<bodyOffset>
					<keys>
						<li>2</li>
						<li>0</li>
						<li>1</li>
						<li>3</li>
					</keys>
					<values>
						<li>(0.0, 0.0, 0.0)</li>
						<li>(0.0, 0.0, 0.0)</li>
						<li>(0.0, 0.0, 0.0)</li>
						<li>(0.0, 0.0, 0.0)</li>
					</values>
				</bodyOffset>
				<size>
					<keys>
						<li>2</li>
						<li>0</li>
						<li>1</li>
						<li>3</li>
					</keys>
					<values>
						<li>1</li>
						<li>1</li>
						<li>1</li>
						<li>1</li>
					</values>
				</size>
				<isFront>
					<keys>
						<li>2</li>
						<li>0</li>
						<li>1</li>
						<li>3</li>
					</keys>
					<values>
						<li>True</li>
						<li>False</li>
						<li>False</li>
						<li>True</li>
					</values>
				</isFront>
				<posSide>
					<keys>
						<li>2</li>
						<li>0</li>
						<li>1</li>
						<li>3</li>
					</keys>
					<values>
						<li>(0.0, 0.0, 0.0)</li>
						<li>(0.0, 0.0, 0.0)</li>
						<li>(0.0, 0.0, 0.0)</li>
						<li>(0.0, 0.0, 0.0)</li>
					</values>
				</posSide>
				<angleSide>
					<keys>
						<li>2</li>
						<li>0</li>
						<li>1</li>
						<li>3</li>
					</keys>
					<values>
						<li>0</li>
						<li>0</li>
						<li>0</li>
						<li>0</li>
					</values>
				</angleSide>
				<flipSide>
					<keys>
						<li>2</li>
						<li>0</li>
						<li>1</li>
						<li>3</li>
					</keys>
					<values>
						<li>False</li>
						<li>True</li>
						<li>False</li>
						<li>True</li>
					</values>
				</flipSide>
				<bodyOffsetModifsSide>
					<keys>
						<li>male</li>
						<li>female</li>
						<li>fat</li>
						<li>hulk</li>
						<li>thin</li>
					</keys>
					<values>
						<li>0</li>
						<li>0</li>
						<li>1</li>
						<li>0.5</li>
						<li>-0.2</li>
					</values>
				</bodyOffsetModifsSide>
				<bodyOffsetSide>
					<keys>
						<li>2</li>
						<li>0</li>
						<li>1</li>
						<li>3</li>
					</keys>
					<values>
						<li>(0.0, 0.0, 0.0)</li>
						<li>(0.0, 0.0, 0.0)</li>
						<li>(0.0, 0.0, 0.0)</li>
						<li>(0.0, 0.0, 0.0)</li>
					</values>
				</bodyOffsetSide>
				<isFrontSide>
					<keys>
						<li>2</li>
						<li>0</li>
						<li>1</li>
						<li>3</li>
					</keys>
					<values>
						<li>True</li>
						<li>False</li>
						<li>False</li>
						<li>True</li>
					</values>
				</isFrontSide>
				<weapons>
					<li>Beer</li>
					<li>WoodLog</li>
					<li>VFEM_Wine</li>
					<li>VFET_Chunk</li>
					<li>VFEP_Rum</li>
					<li>VFEV_Mead</li>
					<li>VWE_Tool_Whip</li>
					<li>VWE_Sling</li>
					<li>BoneItem</li>
				</weapons>
			</li>
		</groupsCordSettings3>
		<isFirstLaunch7>False</isFirstLaunch7>
	</ModSettings>
</SettingsBlock>