﻿<?xml version="1.0" encoding="utf-8"?>
<SettingsBlock>
	<ModSettings Class="DynamicTradeInterface.Mod.DynamicTradeInterfaceSettings">
		<TradeHeightPercentage>0.7994792</TradeHeightPercentage>
		<visibleColumns>
			<li>colTradeIconDef</li>
			<li>colTradeInfoDef</li>
			<li>colTradeCaptionDef</li>
			<li>colTradeExtraIconsDef</li>
			<li>colTradeQuantityDef</li>
			<li>colTradePriceDef</li>
			<li>colTradeCounterDef</li>
			<li>colTradeButtonsDef</li>
		</visibleColumns>
		<traderSorting />
		<colonySorting />
		<ColumnCustomization>
			<keys />
			<values />
		</ColumnCustomization>
	</ModSettings>
</SettingsBlock>