﻿<?xml version="1.0" encoding="utf-8"?>
<Layout FillHeight="True">
  <HStack>
    <Panel>
      <Row>
        <RelationKindAndFaction />
      </Row>
      <Row>
        <GenderRaceAndAge />
      </Row>
    </Panel>
    <Panel>
      <Row>
        <Outfit Targets="H" />
        <Food Targets="HC" />
      </Row>
      <Row>
        <Timetable Targets="H" />
        <Area Targets="HC" />
      </Row>
    </Panel>
  </HStack>
  <Panel>
    <Row>
      <Separator />
    </Row>
  </Panel>
  <HStack FillHeight="True">
    <Panel>
      <Row>
        <Health />
      </Row>
      <Row>
        <HealthCondition />
      </Row>
      <Row Targets="Hh">
        <NeedMood />
      </Row>
      <Row>
        <MentalCondition />
      </Row>
      <Row>
        <NeedFood />
      </Row>
      <Row Targets="H">
        <Need DefName="Bladder" />
      </Row>
      <Row Targets="H">
        <Need DefName="Hygiene" />
      </Row>
      <Row Targets="HCh">
        <NeedSleep />
      </Row>
      <Row Targets="Cc">
        <NeedEnergy />
      </Row>
      <Row Targets="H">
        <NeedRecreation />
      </Row>
      <Row Targets="H">
        <NeedSuppression />
      </Row>
      <Row Targets="H">
        <PrisonerInfo />
      </Row>
    </Panel>
  </HStack>
  <Panel>
    <Row>
      <Separator />
    </Row>
  </Panel>
  <HStack>
    <Panel>
      <Row>
        <Activity />
      </Row>
      <Row>
        <Queued />
      </Row>
    </Panel>
    <Panel>
      <Row>
        <Equipped />
      </Row>
      <Row>
        <Carrying />
      </Row>
    </Panel>
  </HStack>
</Layout>