﻿<?xml version="1.0" encoding="utf-8"?>
<Layout FillHeight="True">
  <Panel FillHeight="True">
    <Row>
      <NameHeader />
    </Row>
    <Row>
      <Separator />
    </Row>
    <Row>
      <RelationKindAndFaction />
    </Row>
    <Row>
      <GenderRaceAndAge />
    </Row>
    <Row>
      <Separator />
    </Row>
    <Row>
      <Outfit Targets="H" />
      <Food Targets="HC" />
    </Row>
    <Row>
      <Timetable Targets="H" />
      <Area Targets="HC" />
    </Row>
    <Row Targets="HC">
      <Separator />
    </Row>
    <Row>
      <Health />
    </Row>
    <Row>
      <HealthCondition />
    </Row>
    <Row Targets="Hh">
      <NeedMood />
    </Row>
    <Row>
      <MentalCondition />
    </Row>
    <Row>
      <NeedFood />
    </Row>
    <Row Targets="H">
      <Need DefName="Bladder" />
    </Row>
    <Row Targets="H">
      <Need DefName="Hygiene" />
    </Row>
    <Row Targets="HCh">
      <NeedSleep />
    </Row>
    <Row Targets="Cc">
      <NeedEnergy />
    </Row>
    <Row Targets="H">
      <NeedRecreation />
    </Row>
    <Row Targets="H">
      <NeedSuppression />
    </Row>
    <Row Targets="H">
      <PrisonerInfo />
    </Row>
    <Row>
      <Separator />
    </Row>
    <Row Targets="Hh">
      <SkillShooting />
      <SkillMelee />
    </Row>
    <Row Targets="Hh">
      <SkillConstruction />
      <SkillMining />
    </Row>
    <Row Targets="Hh">
      <SkillCooking />
      <SkillPlants />
    </Row>
    <Row Targets="Hh">
      <SkillAnimals />
      <SkillCrafting />
    </Row>
    <Row Targets="Hh">
      <SkillArtistic />
      <SkillMedicine />
    </Row>
    <Row Targets="Hh">
      <SkillSocial />
      <SkillIntellectual />
    </Row>
    <Row Targets="C">
      <TrainingTameness />
      <Master />
    </Row>
    <Row Targets="C">
      <TrainingObedience />
      <TrainingRelease />
    </Row>
    <Row Targets="C">
      <TrainingRescue />
      <TrainingHaul />
    </Row>
    <Row>
      <CompInfo />
    </Row>
  </Panel>
  <Panel>
    <Row>
      <Separator />
    </Row>
    <Row>
      <Activity />
    </Row>
    <Row>
      <Queued />
    </Row>
    <Row>
      <Equipped />
    </Row>
    <Row>
      <Carrying />
    </Row>
  </Panel>
</Layout>